scenario_id,character,stage,theme,seed_text,,
MJ_S1_01,Minjun,1,"??꽑 援먯떎?먯꽌 怨듯넻??李얘린, 吏㏃? ?몄궗, 湲곕낯 ?뺣낫 二쇨퀬諛쏄린",3??泥ル궇: ?놁옄由ъ뿉 ?됱? 誘쇱??댁뿉寃?議곗떖?ㅻ읇寃??대쫫 臾쇱뼱蹂닿린.,,
MJ_S1_02,Minjun,1,"??꽑 援먯떎?먯꽌 怨듯넻??李얘린, 吏㏃? ?몄궗, 湲곕낯 ?뺣낫 二쇨퀬諛쏄린",?щЪ???? 誘쇱??닿? ?щЪ??鍮꾨?踰덊샇瑜??딆뼱踰꾨젮 ?뱁솴?????좎깮???꾩튂 ?뚮젮二쇨린.,,
MJ_S1_03,Minjun,1,"??꽑 援먯떎?먯꽌 怨듯넻??李얘린, 吏㏃? ?몄궗, 湲곕낯 ?뺣낫 二쇨퀬諛쏄린","援먯떎 ?룸Ц: 誘쇱??닿? 異뺢뎄怨듭쓣 ?湲곕ŉ ?ㅼ뼱???? ""異뺢뎄 醫뗭븘??""?쇨퀬 吏덈Ц ?섏?湲?",,
MJ_S1_04,Minjun,1,"??꽑 援먯떎?먯꽌 怨듯넻??李얘린, 吏㏃? ?몄궗, 湲곕낯 ?뺣낫 二쇨퀬諛쏄린",湲됱떇 ?쒓컙: 湲됱떇 硫붾돱??'?쒖쑁蹂띠쓬'??留쏆엳?붿? 吏㏐쾶 ??뷀븯湲?,,
MJ_S1_05,Minjun,1,"??꽑 援먯떎?먯꽌 怨듯넻??李얘린, 吏㏃? ?몄궗, 湲곕낯 ?뺣낫 二쇨퀬諛쏄린","蹂듬룄: 誘쇱??닿? ?곗쑝濡?寃뚯엫 ?곸긽??蹂닿퀬 ?덉쓣 ?? ""洹멸굅 臾댁뒯 寃뚯엫?댁빞?""?쇨퀬 臾산린.",,
MJ_S1_06,Minjun,1,"??꽑 援먯떎?먯꽌 怨듯넻??李얘린, 吏㏃? ?몄궗, 湲곕낯 ?뺣낫 二쇨퀬諛쏄린",泥댁쑁 ?쒓컙: 媛뺣떦?먯꽌 ?띻뎄 ???吏??? 誘쇱????놁뿉 ?ъ찉 ?쒕낫湲?,,
MJ_S1_07,Minjun,1,"??꽑 援먯떎?먯꽌 怨듯넻??李얘린, 吏㏃? ?몄궗, 湲곕낯 ?뺣낫 二쇨퀬諛쏄린",?깃덫湲? 援먮Ц?먯꽌 留덉＜移?誘쇱??댁뿉寃??댁깋?섏?留?怨좉컻 ?숈뿬 ?몄궗?섍린.,,
MJ_S1_08,Minjun,1,"??꽑 援먯떎?먯꽌 怨듯넻??李얘린, 吏㏃? ?몄궗, 湲곕낯 ?뺣낫 二쇨퀬諛쏄린",?섏뾽 ?쒓컙: 吏앷퓤??誘쇱??닿? 援먭낵?쒕? ??媛?몄솕???? 媛숈씠 蹂댁옄怨??쒖븞?섍린.,,
MJ_S1_09,Minjun,1,"??꽑 援먯떎?먯꽌 怨듯넻??李얘린, 吏㏃? ?몄궗, 湲곕낯 ?뺣낫 二쇨퀬諛쏄린","怨쇳븰?? ?ㅽ뿕 ?꾧뎄瑜?梨숆린??誘쇱??댁뿉寃?""?닿굅 ?대뵒????""?쇨퀬 吏덈Ц?섍린.",,
MJ_S1_10,Minjun,1,"??꽑 援먯떎?먯꽌 怨듯넻??李얘린, 吏㏃? ?몄궗, 湲곕낯 ?뺣낫 二쇨퀬諛쏄린",?щ뒗 ?쒓컙: 誘쇱??닿? 移쒓뎄?ㅺ낵 ???뚮━濡??껋쓣 ?? ??붿쓽 ?먮쫫??諛⑺빐?섏? ?딄퀬 吏耳쒕낫湲?,,
MJ_S1_11,Minjun,1,"??꽑 援먯떎?먯꽌 怨듯넻??李얘린, 吏㏃? ?몄궗, 湲곕낯 ?뺣낫 二쇨퀬諛쏄린",蹂듬룄: 誘쇱??닿? 留덉떆???몄쓽???뚮즺?섍? 萸붿? 沅곴툑?댄븯硫?????쒖옉?섍린.,,
MJ_S1_12,Minjun,1,"??꽑 援먯떎?먯꽌 怨듯넻??李얘린, 吏㏃? ?몄궗, 湲곕낯 ?뺣낫 二쇨퀬諛쏄린",援먯떎: 誘쇱??닿? ?댁젣 蹂??좏뒠釉??곸긽???멸툒???? ?꾨뒗 泥숉븯硫?怨듯넻??李얘린.,,
MJ_S1_13,Minjun,1,"??꽑 援먯떎?먯꽌 怨듯넻??李얘린, 吏㏃? ?몄궗, 湲곕낯 ?뺣낫 二쇨퀬諛쏄린","?섍덫湲? ?좊컻 二쇰㉧?덈? ?뚮━硫?媛??誘쇱??댁뿉寃?""吏묒씠 ?대뒓 履쎌씠??""?쇨퀬 臾산린.",,
MJ_S1_14,Minjun,1,"??꽑 援먯떎?먯꽌 怨듯넻??李얘린, 吏㏃? ?몄궗, 湲곕낯 ?뺣낫 二쇨퀬諛쏄린",?뚯븙?? 誘쇱??닿? 由ъ퐫?붾? 紐?遺덉뼱 姨붿찓留??? ?ъ슫 ?댁?踰??섎굹 ?뚮젮二쇨린.,,
MJ_S1_15,Minjun,1,"??꽑 援먯떎?먯꽌 怨듯넻??李얘린, 吏㏃? ?몄궗, 湲곕낯 ?뺣낫 二쇨퀬諛쏄린","援먯떎: 誘쇱??닿? ?덈줈 ??異뺢뎄?붾? ?먮옉???? ""?붿옄??硫뗭????쇨퀬 移?갔?섍린.""",,
MJ_S1_16,Minjun,1,"??꽑 援먯떎?먯꽌 怨듯넻??李얘린, 吏㏃? ?몄궗, 湲곕낯 ?뺣낫 二쇨퀬諛쏄린",?대룞?? 誘쇱??닿? ???곗뒿???섎뒗 寃껋쓣 ?ㅽ깲?쒖뿉??援ш꼍?섎ŉ 吏㏐쾶 由ъ븸?섑븯湲?,,
MJ_S1_17,Minjun,1,"??꽑 援먯떎?먯꽌 怨듯넻??李얘린, 吏㏃? ?몄궗, 湲곕낯 ?뺣낫 二쇨퀬諛쏄린",而댄벂?곗떎: 誘쇱??닿? 濡쒓렇??臾몄젣濡??щ뜙???? ?닿껐 諛⑸쾿 吏㏐쾶 留먰빐二쇨린.,,
MJ_S1_18,Minjun,1,"??꽑 援먯떎?먯꽌 怨듯넻??李얘린, 吏㏃? ?몄궗, 湲곕낯 ?뺣낫 二쇨퀬諛쏄린","蹂듬룄: 誘쇱??닿? 珥덉퐳由우쓣 癒밴퀬 ?덉쓣 ?? ""?섎룄 洹멸굅 醫뗭븘?섎뒗???쇨퀬 留?遺숈씠湲?""",,
MJ_S1_19,Minjun,1,"??꽑 援먯떎?먯꽌 怨듯넻??李얘린, 吏㏃? ?몄궗, 湲곕낯 ?뺣낫 二쇨퀬諛쏄린",援먯떎: 誘쇱??닿? 二쇰쭚??萸??덈뒗吏 臾쇱뼱蹂??? ??愿?ъ궗瑜??욎뼱 ??듯븯湲?,,
MJ_S1_20,Minjun,1,"??꽑 援먯떎?먯꽌 怨듯넻??李얘린, 吏㏃? ?몄궗, 湲곕낯 ?뺣낫 二쇨퀬諛쏄린",?숈썝 踰꾩뒪: ?곗뿰??媛숈? 踰꾩뒪???붿쓣 ?? ?대뒓 ?숈썝???ㅻ땲?붿? ?뺣낫 援먰솚?섍린.,,
MJ_S1_21,Minjun,1,"??꽑 援먯떎?먯꽌 怨듯넻??李얘린, 吏㏃? ?몄궗, 湲곕낯 ?뺣낫 二쇨퀬諛쏄린",援먯떎: 誘쇱??닿? ?곗삁???섍린瑜?爰쇰궪 ?? ?닿? ?꾨뒗 ?뺣낫? 留욌뒗吏 ?뺤씤?섍린.,,
MJ_S1_22,Minjun,1,"??꽑 援먯떎?먯꽌 怨듯넻??李얘린, 吏㏃? ?몄궗, 湲곕낯 ?뺣낫 二쇨퀬諛쏄린",?뺤닔湲??? 臾쇱쓣 留덉떆????誘쇱??댁뿉寃??ㅻ뒛 ?좎뵪媛 ?λ떎怨??쒕쭏??嫄대꽕湲?,,
MJ_S1_23,Minjun,1,"??꽑 援먯떎?먯꽌 怨듯넻??李얘린, 吏㏃? ?몄궗, 湲곕낯 ?뺣낫 二쇨퀬諛쏄린",援먮Ц: 鍮꾧? ?ㅻ뒗 ?? ?곗궛???녿뒗 誘쇱??댁뿉寃??뺣쪟?κ퉴吏 媛숈씠 媛?먭퀬 ?섍린.,,
MJ_S1_24,Minjun,1,"??꽑 援먯떎?먯꽌 怨듯넻??李얘린, 吏㏃? ?몄궗, 湲곕낯 ?뺣낫 二쇨퀬諛쏄린","援먯떎: 誘쇱??닿? 梨낆긽???숈꽌??寃뚯엫 罹먮┃?곕? 蹂닿퀬 ""?? ?닿굅 OO寃뚯엫 留욎??""?쇨퀬 臾산린.",,
MJ_S1_25,Minjun,1,"??꽑 援먯떎?먯꽌 怨듯넻??李얘린, 吏㏃? ?몄궗, 湲곕낯 ?뺣낫 二쇨퀬諛쏄린",湲됱떇 以? ?ㅻ뒛 湲됱떇???섏삤???몃뵫?????湲곕?媛먯쓣 ?섎늻湲?,,
MJ_S1_26,Minjun,1,"??꽑 援먯떎?먯꽌 怨듯넻??李얘린, 吏㏃? ?몄궗, 湲곕낯 ?뺣낫 二쇨퀬諛쏄린",蹂듬룄: 誘쇱??닿? 移쒓뎄? ?몄슫 ???쒖젙????醫뗭쓣 ?? ?덉튂猿?議곗슜??吏?섍?湲?,,
MJ_S1_27,Minjun,1,"??꽑 援먯떎?먯꽌 怨듯넻??李얘린, 吏㏃? ?몄궗, 湲곕낯 ?뺣낫 二쇨퀬諛쏄린",援먯떎: 誘쇱??닿? ?숈젣媛 萸먯??붿? 臾쇱뼱蹂??? ?뺥솗?섍쾶 ?뚮젮二쇨린.,,
MJ_S1_28,Minjun,1,"??꽑 援먯떎?먯꽌 怨듯넻??李얘린, 吏㏃? ?몄궗, 湲곕낯 ?뺣낫 二쇨퀬諛쏄린",諛⑷낵 ?? ?대룞?μ뿉??誘쇱??닿? 媛諛⑹쓣 ?먭퀬 媛붿쓣 ?? 梨숆꺼???꾪빐二쇨린.,,
MJ_S1_29,Minjun,1,"??꽑 援먯떎?먯꽌 怨듯넻??李얘린, 吏㏃? ?몄궗, 湲곕낯 ?뺣낫 二쇨퀬諛쏄린","援먯떎: 誘쇱??닿? 鍮뚮젮 媛?蹂쇳렂???뚮젮以??? ""愿쒖갖?? ???쇱뼱?""?쇨퀬 ??듯븯湲?",,
MJ_S1_30,Minjun,1,"??꽑 援먯떎?먯꽌 怨듯넻??李얘린, 吏㏃? ?몄궗, 湲곕낯 ?뺣낫 二쇨퀬諛쏄린",蹂듬룄: 誘쇱??닿? ?곗뼱?ㅻ떎 遺?ろ삍???? ?붾궡吏 ?딄퀬 愿쒖갖?ㅺ퀬 留먰븯湲?,,
MJ_S1_31,Minjun,1,"??꽑 援먯떎?먯꽌 怨듯넻??李얘린, 吏㏃? ?몄궗, 湲곕낯 ?뺣낫 二쇨퀬諛쏄린",援먯떎: 誘쇱??닿? 醫뗭븘?섎뒗 ?좏뒠踰꾩쓽 援щ룆???섎? ?멸툒?섎ŉ ????댁뼱媛湲?,,
MJ_S1_32,Minjun,1,"??꽑 援먯떎?먯꽌 怨듯넻??李얘린, 吏㏃? ?몄궗, 湲곕낯 ?뺣낫 二쇨퀬諛쏄린",誘몄닠 ?쒓컙: 誘쇱??댁쓽 ?묓뭹 ?됯퉼???뱀씠?섎떎怨?湲띿젙?곸쑝濡??멸툒?섍린.,,
MJ_S1_33,Minjun,1,"??꽑 援먯떎?먯꽌 怨듯넻??李얘린, 吏㏃? ?몄궗, 湲곕낯 ?뺣낫 二쇨퀬諛쏄린","援먯떎: 誘쇱??닿? ""?덈뒗 諛⑷낵 ?꾩뿉 萸???""?쇨퀬 臾쇱쓣 ?? ??붾? ?좎??섎ŉ ?듬??섍린.",,
MJ_S1_34,Minjun,1,"??꽑 援먯떎?먯꽌 怨듯넻??李얘린, 吏㏃? ?몄궗, 湲곕낯 ?뺣낫 二쇨퀬諛쏄린","蹂듬룄: 誘쇱??닿? ?앹씪?대씪???뚮Ц???ㅼ뿀???? ""?앹씪 異뺥븯???쇨퀬 吏㏐쾶 留먰븯湲?""",,
MJ_S1_35,Minjun,1,"??꽑 援먯떎?먯꽌 怨듯넻??李얘린, 吏㏃? ?몄궗, 湲곕낯 ?뺣낫 二쇨퀬諛쏄린","援먮Ц: 二쇰쭚???쒖옉?섎뒗 湲덉슂???ㅽ썑, ""二쇰쭚 ??蹂대궡""?쇨퀬 ?몄궗?섍린.",,
MJ_S2_01,Minjun,2,"PC諛??몄쓽???숉뻾, ?띾떞 二쇨퀬諛쏄린, 寃뚯엫 ?寃곌낵 ?ㅽ룷痢좊㎤??,PC諛? ?섍탳 ??誘쇱??닿? """"寃뚯엫 ????""""?대씪怨??쒖븞???? ?먯뿰?ㅻ읇寃??섎씫?섍린.""",,,
MJ_S2_02,Minjun,2,"PC諛??몄쓽???숉뻾, ?띾떞 二쇨퀬諛쏄린, 寃뚯엫 ?寃곌낵 ?ㅽ룷痢좊㎤??,?몄쓽?? 寃뚯엫 ?? 誘쇱??닿? 異붿쿇?섎뒗 而듬씪硫?轅議고빀 ?쒕룄?대낫湲?""",,,
MJ_S2_03,Minjun,2,"PC諛??몄쓽???숉뻾, ?띾떞 二쇨퀬諛쏄린, 寃뚯엫 ?寃곌낵 ?ㅽ룷痢좊㎤??,PC諛? 誘쇱??댁? ???寃뚯엫?????? 誘쇱??닿? ?ㅼ닔瑜??대룄 鍮꾨궃?섏? ?딄린.""",,,
MJ_S2_04,Minjun,2,"PC諛??몄쓽???숉뻾, ?띾떞 二쇨퀬諛쏄린, 寃뚯엫 ?寃곌낵 ?ㅽ룷痢좊㎤??,PC諛? 誘쇱??닿? 寃뚯엫?먯꽌 ?닿린怨??ш쾶 ?먮옉???? """"?댁씠 醫뗭븯??""?쇨퀬 ?띾떞?쇰줈 留욌컺?꾩튂湲?""",,,
MJ_S2_05,Minjun,2,"PC諛??몄쓽???숉뻾, ?띾떞 二쇨퀬諛쏄린, 寃뚯엫 ?寃곌낵 ?ㅽ룷痢좊㎤??,PC諛? ?닿? 寃뚯엫?먯꽌 ?닿꼈???? 誘쇱??댁쓽 ?ㅻ젰??移?갔?섎ŉ 寃몄넀?섍쾶 ??듯븯湲?""",,,
MJ_S2_06,Minjun,2,"PC諛??몄쓽???숉뻾, ?띾떞 二쇨퀬諛쏄린, 寃뚯엫 ?寃곌낵 ?ㅽ룷痢좊㎤??,援먯떎: 誘쇱??닿? ???곕쟻???띾떞??""""洹멸쾶 萸먯빞~"""" ?섎ŉ 媛숈씠 ?껋뼱二쇨린.""",,,
MJ_S2_07,Minjun,2,"PC諛??몄쓽???숉뻾, ?띾떞 二쇨퀬諛쏄린, 寃뚯엫 ?寃곌낵 ?ㅽ룷痢좊㎤??,SNS: 誘쇱??닿? ?щ┛ 異뺢뎄 由댁뒪 ?곸긽??'醫뗭븘?? ?꾨Ⅴ怨??볤? ?ш린.
MJ_S2_08,Minjun,2,PC諛??몄쓽???숉뻾", ?띾떞 二쇨퀬諛쏄린, 寃뚯엫 ?寃곌낵 ?ㅽ룷痢좊㎤??,?몄쓽?? 誘쇱??닿? ?덉쓣 ??媛?몄솕???? 1+1 ?뚮즺???섎굹 ?섎닠二쇨린.
MJ_S2_09,Minjun,2,"PC諛??몄쓽???숉뻾, ?띾떞 二쇨퀬諛쏄린, 寃뚯엫 ?寃곌낵 ?ㅽ룷痢좊㎤??,援먯떎: 誘쇱??닿? ?숈젣瑜?踰좉뺨?щ씪怨????? ?뺤쨷?섏?留??⑦샇?섍쾶 嫄곗젅?섍퀬 諛⑸쾿 ?뚮젮二쇨린.""",,,
MJ_S2_10,Minjun,2,"PC諛??몄쓽???숉뻾, ?띾떞 二쇨퀬諛쏄린, 寃뚯엫 ?寃곌낵 ?ㅽ룷痢좊㎤??,蹂듬룄: 誘쇱??닿? 移쒓뎄?ㅺ낵 臾대━?섍쾶 ?λ궃??移??? ?곸젅??嫄곕━ ?좎??섍린.""",,,
MJ_S2_11,Minjun,2,"PC諛??몄쓽???숉뻾, ?띾떞 二쇨퀬諛쏄린, 寃뚯엫 ?寃곌낵 ?ㅽ룷痢좊㎤??,PC諛? 誘쇱??닿? 寃뚯엫 ?꾩쨷 ?붽? ?섏꽌 ?뺤쓣 ?욎뼱 ???? ????먮쫫??李⑤텇?섍쾶 ?뚮━湲?""",,,
MJ_S2_12,Minjun,2,"PC諛??몄쓽???숉뻾, ?띾떞 二쇨퀬諛쏄린, 寃뚯엫 ?寃곌낵 ?ㅽ룷痢좊㎤??,援먮Ц ?? 誘쇱??닿? ?덈줈 ???먯쟾嫄곕? 蹂댁뿬以??? ?쒖듅?대낫怨??뚭컧 留먰빐二쇨린.""",,,
MJ_S2_13,Minjun,2,"PC諛??몄쓽???숉뻾, ?띾떞 二쇨퀬諛쏄린, 寃뚯엫 ?寃곌낵 ?ㅽ룷痢좊㎤??,援먯떎: 誘쇱??닿? ?좏뻾?섎뒗 ?좎“?대? ???? ?살쓣 臾쇱뼱蹂대ŉ ??붿뿉 ?⑸쪟?섍린.""",,,
MJ_S2_14,Minjun,2,"PC諛??몄쓽???숉뻾, ?띾떞 二쇨퀬諛쏄린, 寃뚯엫 ?寃곌낵 ?ㅽ룷痢좊㎤??,紐⑤몺 怨쇱젣: 誘쇱??닿? ??븷????留≪쑝?????? 誘쇱??닿? ?섑븯??'諛쒗몴'瑜??쒖븞?섍린.""",,,
MJ_S2_15,Minjun,2,"PC諛??몄쓽???숉뻾, ?띾떞 二쇨퀬諛쏄린, 寃뚯엫 ?寃곌낵 ?ㅽ룷痢좊㎤??,留ㅼ젏: 誘쇱??닿? 怨좊Ⅸ 鍮듭씠 留쏆뾾??蹂댁씪 ?? """"洹멸굅蹂대떎 ?닿쾶 ???멸린 留롫?""""?쇨퀬 議곗뼵?섍린.""",,,
MJ_S2_16,Minjun,2,"PC諛??몄쓽???숉뻾, ?띾떞 二쇨퀬諛쏄린, 寃뚯엫 ?寃곌낵 ?ㅽ룷痢좊㎤??,援먯떎: 誘쇱??닿? ?좎깮???됰궡瑜????? ?좎쓣 ?섏? ?딅룄濡?由ъ븸??議곗젅?섍린.""",,,
MJ_S2_17,Minjun,2,"PC諛??몄쓽???숉뻾, ?띾떞 二쇨퀬諛쏄린, 寃뚯엫 ?寃곌낵 ?ㅽ룷痢좊㎤??,?섍덫湲? 誘쇱??닿? ?댁젣 蹂?怨듯룷 ?곹솕 ?댁빞湲곕? 臾댁꽠寃????? ??媛먯젙 ?붿쭅??留먰븯湲?""",,,
MJ_S2_18,Minjun,2,"PC諛??몄쓽???숉뻾, ?띾떞 二쇨퀬諛쏄린, 寃뚯엫 ?寃곌낵 ?ㅽ룷痢좊㎤??,PC諛? 寃뚯엫 ?꾩씠?쒖쓣 ?먭퀬 誘쇱??댁? ?섍껄 李⑥씠媛 ?앷꼈???? ??묒븞 李얘린.""",,,
MJ_S2_19,Minjun,2,"PC諛??몄쓽???숉뻾, ?띾떞 二쇨퀬諛쏄린, 寃뚯엫 ?寃곌낵 ?ㅽ룷痢좊㎤??,?대룞?? 誘쇱??닿? 異뺢뎄 ??먯꽌 ?섎? 類꾧퉴 遊?嫄깆젙???? ?먯떊 ?덇쾶 ?ㅻ젰 ?댄븘?섍린.""",,,
MJ_S2_20,Minjun,2,"PC諛??몄쓽???숉뻾, ?띾떞 二쇨퀬諛쏄린, 寃뚯엫 ?寃곌낵 ?ㅽ룷痢좊㎤??,援먯떎: 誘쇱??닿? ??媛諛⑹쓽 ?명삎??蹂닿퀬 ?由??? """"洹?쎌? ?딆븘?""""?쇨퀬 荑⑦븯寃?諛섏쓳?섍린.""",,,
MJ_S2_21,Minjun,2,"PC諛??몄쓽???숉뻾, ?띾떞 二쇨퀬諛쏄린, 寃뚯엫 ?寃곌낵 ?ㅽ룷痢좊㎤??,PC諛? 誘쇱??닿? ??罹먮┃???대쫫??蹂닿퀬 ?껋쓣 ?? ?좊㉧濡??뱁솕?쒖폒 ??듯븯湲?""",,,
MJ_S2_22,Minjun,2,"PC諛??몄쓽???숉뻾, ?띾떞 二쇨퀬諛쏄린, 寃뚯엫 ?寃곌낵 ?ㅽ룷痢좊㎤??,?몄쓽?? 誘쇱??닿? 醫뗭븘?섎뒗 ?꾩궛?뚮즺 醫낅쪟瑜??몄썱?ㅺ? ?ㅼ쓬??癒쇱? 臾쇱뼱遊?二쇨린.
MJ_S2_23,Minjun,2,PC諛??몄쓽???숉뻾", ?띾떞 二쇨퀬諛쏄린, 寃뚯엫 ?寃곌낵 ?ㅽ룷痢좊㎤??,援먯떎: 誘쇱??닿? ?섏뾽 ?쒓컙??議몃떎媛 嫄몃졇???? ?щ뒗 ?쒓컙??誘쇰쭩?섏? ?딄쾶 留?嫄멸린.
MJ_S2_24,Minjun,2,"PC諛??몄쓽???숉뻾, ?띾떞 二쇨퀬諛쏄린, 寃뚯엫 ?寃곌낵 ?ㅽ룷痢좊㎤??,?숈썝 踰꾩뒪: 誘쇱??닿? ??寃뚯엫??媛숈씠 ?섏옄怨????? 洹쒖튃???뺥븯怨??쒖옉?섍린.""",,,
MJ_S2_25,Minjun,2,"PC諛??몄쓽???숉뻾, ?띾떞 二쇨퀬諛쏄린, 寃뚯엫 ?寃곌낵 ?ㅽ룷痢좊㎤??,援먯떎 ?룹옄由? 誘쇱??닿? 移쒓뎄? ?ㅽ닾怨??⑹뵫嫄곕┫ ?? 議곗슜??媛꾩떇 ?섎굹 嫄대꽕湲?""",,,
MJ_S2_26,Minjun,2,"PC諛??몄쓽???숉뻾, ?띾떞 二쇨퀬諛쏄린, 寃뚯엫 ?寃곌낵 ?ㅽ룷痢좊㎤??,誘몄닠 ?쒓컙: ?쒖뿰?댁쓽 洹몃┝??蹂닿퀬 誘쇱??닿? 鍮꾩썐???? ?쒖뿰?????ㅼ뼱二쇨린.""",,,
MJ_S2_27,Minjun,2,"PC諛??몄쓽???숉뻾, ?띾떞 二쇨퀬諛쏄린, 寃뚯엫 ?寃곌낵 ?ㅽ룷痢좊㎤??,蹂듬룄: 吏?꾧? ?섎뒗 ?깊넚 梨뚮┛吏??誘쇱??댁? ?④퍡 李몄뿬?좎? 怨좊??섎ŉ ??뷀븯湲?
MJ_S2_28,Minjun,2,PC諛??몄쓽???숉뻾", ?띾떞 二쇨퀬諛쏄린, 寃뚯엫 ?寃곌낵 ?ㅽ룷痢좊㎤??,"援먮Ц: ?쒗뿕 湲곌컙, 誘쇱??댁? ?쒕줈??怨듬? 紐⑺몴???닿린?섍린."
MJ_S2_29,Minjun,2,"PC諛??몄쓽???숉뻾, ?띾떞 二쇨퀬諛쏄린, 寃뚯엫 ?寃곌낵 ?ㅽ룷痢좊㎤??,?꾩꽌愿: 怨듬??섍린 ?レ뼱?섎뒗 誘쇱??대? ?щ옒??30遺꾨쭔 吏묒쨷?섏옄怨??쒖븞?섍린.
MJ_S2_30,Minjun,2,PC諛??몄쓽???숉뻾", ?띾떞 二쇨퀬諛쏄린, 寃뚯엫 ?寃곌낵 ?ㅽ룷痢좊㎤??,援먯떎: 誘쇱??닿? ??留먰닾媛 ?뱀씠?섎떎怨?吏?곹븷 ?? ?뱁솴?섏? ?딄퀬 ????댁뼱媛湲?
MJ_S2_31,Minjun,2,"PC諛??몄쓽???숉뻾, ?띾떞 二쇨퀬諛쏄린, 寃뚯엫 ?寃곌낵 ?ㅽ룷痢좊㎤??,蹂듬룄: 誘쇱??닿? 醫뗭븘?섎뒗 釉뚮옖???щ━?쇨? ?좎씤?쒕떎???뺣낫 怨듭쑀?섍린.
MJ_S2_32,Minjun,2,PC諛??몄쓽???숉뻾", ?띾떞 二쇨퀬諛쏄린, 寃뚯엫 ?寃곌낵 ?ㅽ룷痢좊㎤??,PC諛? 誘쇱??닿? 寃뚯엫 ?⑥튂 ?댁슜???섎せ ?뚭퀬 ?덉쓣 ?? 湲곕텇 ?섏걯吏 ?딄쾶 ?뺤젙?댁＜湲?
MJ_S2_33,Minjun,2,"PC諛??몄쓽???숉뻾, ?띾떞 二쇨퀬諛쏄린, 寃뚯엫 ?寃곌낵 ?ㅽ룷痢좊㎤??,?섍덫湲? 誘쇱??닿? ?먭린 ?뺤씠???몄슫 ?댁빞湲곕? ???? ???ㅼ뼱二쇨퀬 怨듦컧?댁＜湲?""",,,
MJ_S2_34,Minjun,2,"PC諛??몄쓽???숉뻾, ?띾떞 二쇨퀬諛쏄린, 寃뚯엫 ?寃곌낵 ?ㅽ룷痢좊㎤??,援먯떎: 誘쇱??닿? 鍮뚮젮以 寃뚯엫 CD瑜??ㅼ닔濡?湲곸뿀???? 吏꾩떖?쇰줈 ?ш낵?섍퀬 蹂댁긽 ?쒖븞?섍린.""",,,
MJ_S2_35,Minjun,2,"PC諛??몄쓽???숉뻾, ?띾떞 二쇨퀬諛쏄린, 寃뚯엫 ?寃곌낵 ?ㅽ룷痢좊㎤??,?대룞?? 誘쇱??닿? ?띻뎄 ?쒗빀?먯꽌 議뚯쓣 ?? """"?ㅼ쓬???곕━媛 ?닿만 ???덉뼱""""?쇨퀬 寃⑸젮?섍린.""",,,
MJ_S3_01,Minjun,3,"鍮뚮윴(?깊썕)???깆옣, ?쒕줈 吏耳쒖＜湲? 源딆? ?띾쭏?? ?ы쉶???됲뙋 愿由?,蹂듬룄: ?깊썕?닿? 誘쇱??댁쓽 ?깆쟻??蹂닿퀬 鍮꾩썐???? 誘쇱????놁뿉 ?밸떦?????덇린.""",,,
MJ_S3_02,Minjun,3,"鍮뚮윴(?깊썕)???깆옣, ?쒕줈 吏耳쒖＜湲? 源딆? ?띾쭏?? ?ы쉶???됲뙋 愿由?,?⑦넚諛? ?깊썕?닿? OO(????留먰닾瑜??됰궡 ?대ŉ ?由??? 誘쇱??닿? ?꾩?二쇰뒗 ?곹솴??怨좊쭏? ?쒗쁽?섍린.""",,,
MJ_S3_03,Minjun,3,"鍮뚮윴(?깊썕)???깆옣, ?쒕줈 吏耳쒖＜湲? 源딆? ?띾쭏?? ?ы쉶???됲뙋 愿由?,援먯떎: ?깊썕?닿? 誘쇱??댁쓽 媛諛⑹쓣 ?④꼈???? 媛숈씠 李얠븘二쇨퀬 ?꾨줈?섍린.""",,,
MJ_S3_04,Minjun,3,"鍮뚮윴(?깊썕)???깆옣, ?쒕줈 吏耳쒖＜湲? 源딆? ?띾쭏?? ?ы쉶???됲뙋 愿由?,?몄쓽?? 誘쇱??닿? ?깊썕???뚮Ц??吏쒖쬆 ?쒕떎怨????? ?앷퉴吏 ?ㅼ뼱二쇰ŉ 留욎옣援ъ튂湲?""",,,
MJ_S3_05,Minjun,3,"鍮뚮윴(?깊썕)???깆옣, ?쒕줈 吏耳쒖＜湲? 源딆? ?띾쭏?? ?ы쉶???됲뙋 愿由?,蹂듬룄: ?깊썕?닿? OO?먭쾶 ?쒕퉬瑜?嫄??? 誘쇱??댁? ?④퍡 """"洹몃옒??""""?쇨퀬 荑⑦븯寃???묓븯湲?""",,,
MJ_S3_06,Minjun,3,"鍮뚮윴(?깊썕)???깆옣, ?쒕줈 吏耳쒖＜湲? 源딆? ?띾쭏?? ?ы쉶???됲뙋 愿由?,SNS: ?깊썕?닿? 誘쇱??댁뿉 ????섏걶 ?뚮Ц???쇰쑉由??? """"洹멸굅 ?ъ떎 ?꾨땲??""?쇨퀬 吏㏐쾶 ?볤? ?ш린.""",,,
MJ_S3_07,Minjun,3,"鍮뚮윴(?깊썕)???깆옣, ?쒕줈 吏耳쒖＜湲? 源딆? ?띾쭏?? ?ы쉶???됲뙋 愿由?,援먯떎: 誘쇱??닿? ?깊썕?댁? ?ш쾶 ?몄슦?????? 誘쇱??대? 留먮━怨??먮━瑜??쇳븯寃??섍린.""",,,
MJ_S3_08,Minjun,3,"鍮뚮윴(?깊썕)???깆옣, ?쒕줈 吏耳쒖＜湲? 源딆? ?띾쭏?? ?ы쉶???됲뙋 愿由?,?섍덫湲? 誘쇱??닿? """"???ъ떎 怨듬?媛 ?덈Т ?섎뱾??""?쇨퀬 怨좊????몄뼱?볦쓣 ??吏꾩??섍쾶 ?ｊ린.""",,,
MJ_S3_09,Minjun,3,"鍮뚮윴(?깊썕)???깆옣, ?쒕줈 吏耳쒖＜湲? 源딆? ?띾쭏?? ?ы쉶???됲뙋 愿由?,??댄꽣: 誘쇱??닿? 異뺢뎄 ?좎닔媛 轅덉씠?쇰뒗 鍮꾨???留먰빐以??? ?묒썝?섎뒗 留덉쓬 ?꾪븯湲?""",,,
MJ_S3_10,Minjun,3,"鍮뚮윴(?깊썕)???깆옣, ?쒕줈 吏耳쒖＜湲? 源딆? ?띾쭏?? ?ы쉶???됲뙋 愿由?,援먯떎: 誘쇱??닿? ?숆탳???ㅼ? ?딆븯???? 嫄깆젙?섎뒗 留덉쓬???댁븘 硫붿떆吏 蹂대궡湲?""",,,
MJ_S3_11,Minjun,3,"鍮뚮윴(?깊썕)???깆옣, ?쒕줈 吏耳쒖＜湲? 源딆? ?띾쭏?? ?ы쉶???됲뙋 愿由?,?깃덫湲? ?꾪뵂 誘쇱??닿? 媛諛⑹쓣 臾닿굅?뚰븷 ?? 援먯떎源뚯? ????ㅼ뼱??二쇨린.""",,,
MJ_S3_12,Minjun,3,"鍮뚮윴(?깊썕)???깆옣, ?쒕줈 吏耳쒖＜湲? 源딆? ?띾쭏?? ?ы쉶???됲뙋 愿由?,援먯떎: 移쒓뎄?ㅼ씠 OO瑜?""""議곌툑 ?댁긽????""?쇨퀬 ?섍뎔???? 誘쇱??닿? ???μ젏??留먰빐二쇰뒗 ?곹솴.""",,,
MJ_S3_13,Minjun,3,"鍮뚮윴(?깊썕)???깆옣, ?쒕줈 吏耳쒖＜湲? 源딆? ?띾쭏?? ?ы쉶???됲뙋 愿由?,PC諛? 誘쇱??닿? 遺紐⑤떂怨??몄슦怨?媛異쒗븯怨??띕떎怨????? ?꾩떎?곸쑝濡?議곗뼵?댁＜湲?""",,,
MJ_S3_14,Minjun,3,"鍮뚮윴(?깊썕)???깆옣, ?쒕줈 吏耳쒖＜湲? 源딆? ?띾쭏?? ?ы쉶???됲뙋 愿由?,援먯떎: 誘쇱??닿? ?꾨겮??異뺢뎄怨듭씠 ?묓겕 ?ъ쓣 ?? 媛숈씠 怨좎튌 諛⑸쾿??李얠븘蹂닿린.""",,,
MJ_S3_15,Minjun,3,"鍮뚮윴(?깊썕)???깆옣, ?쒕줈 吏耳쒖＜湲? 源딆? ?띾쭏?? ?ы쉶???됲뙋 愿由?,?꾩꽌愿: ?쒗뿕 ?꾨궇"," 誘쇱??댁? ?쒕줈 ?덉긽 臾몄젣 異쒖젣?댁＜硫?怨듬??섍린.""",,
MJ_S3_16,Minjun,3,"鍮뚮윴(?깊썕)???깆옣, ?쒕줈 吏耳쒖＜湲? 源딆? ?띾쭏?? ?ы쉶???됲뙋 愿由?,?섍덫湲? 誘쇱??닿? """"?덈옉 移쒓뎄?쇱꽌 ?ㅽ뻾?댁빞""""?쇨퀬 留먰븷 ?? ?μ뒪?쎌?留?怨좊쭥?ㅺ퀬 ?듯븯湲?""",,,
MJ_S3_17,Minjun,3,"鍮뚮윴(?깊썕)???깆옣, ?쒕줈 吏耳쒖＜湲? 源딆? ?띾쭏?? ?ы쉶???됲뙋 愿由?,?몄쓽?? 誘쇱??닿? 醫뗭븘?섎뒗 ?쒖젙???ㅻ궢??諛쒓껄?댁꽌 誘몃━ ?щ몢怨??좊Ъ?섍린.
MJ_S3_18,Minjun,3,鍮뚮윴(?깊썕)???깆옣", ?쒕줈 吏耳쒖＜湲? 源딆? ?띾쭏?? ?ы쉶???됲뙋 愿由?,援먯떎: 誘쇱??닿? ?ㅻⅨ 移쒓뎄? ?ㅽ빐媛 ?앷꼈???? 以묎컙?먯꽌 ?ㅻ━ ??븷 ?댁＜湲?,
MJ_S3_19,Minjun,3,"鍮뚮윴(?깊썕)???깆옣, ?쒕줈 吏耳쒖＜湲? 源딆? ?띾쭏?? ?ы쉶???됲뙋 愿由?,?대룞?? 誘쇱??닿? 寃곗젙?곸씤 怨⑥쓣 ?ｌ뿀???? ?꾧뎄蹂대떎 ?ш쾶 ?섑샇?섎ŉ ?щ젮媛湲?""",,,
MJ_S3_20,Minjun,3,"鍮뚮윴(?깊썕)???깆옣, ?쒕줈 吏耳쒖＜湲? 源딆? ?띾쭏?? ?ы쉶???됲뙋 愿由?,援먯떎: 誘쇱??닿? """"???붿쬁 吏꾩쭨 ????섑븳??""?쇨퀬 移?갔???? 誘몄냼 吏?쇰ŉ ??듯븯湲?""",,,
MJ_S3_21,Minjun,3,"鍮뚮윴(?깊썕)???깆옣, ?쒕줈 吏耳쒖＜湲? 源딆? ?띾쭏?? ?ы쉶???됲뙋 愿由?,諛⑷낵 ?? ?섏? ?좊같媛 OO瑜?移?갔???? ?놁뿉 ?덈뜕 誘쇱??대룄 媛숈씠 移?갔?댁＜湲?""",,,
MJ_S3_22,Minjun,3,"鍮뚮윴(?깊썕)???깆옣, ?쒕줈 吏耳쒖＜湲? 源딆? ?띾쭏?? ?ы쉶???됲뙋 愿由?,援먯떎: ?깊썕?닿? ?ш낵???? 誘쇱??댁? ?④퍡 ?ш낵瑜?諛쏆븘以꾩? 留먯? ?곸쓽?섍린.""",,,
MJ_S3_23,Minjun,3,"鍮뚮윴(?깊썕)???깆옣, ?쒕줈 吏耳쒖＜湲? 源딆? ?띾쭏?? ?ы쉶???됲뙋 愿由?,?섍덫湲? 誘쇱??댁? 諛⑺븰 ??媛숈씠 媛??뚰꽣?뚰겕???ы뻾 怨꾪쉷 ?몄썙蹂닿린.
MJ_S3_24,Minjun,3,鍮뚮윴(?깊썕)???깆옣", ?쒕줈 吏耳쒖＜湲? 源딆? ?띾쭏?? ?ы쉶???됲뙋 愿由?,援먯떎: 誘쇱??닿? ?덉쟾蹂대떎 OO???쒖젙???????쎌뼱以??? 怨좊쭏??留덉쓬 ?쒗쁽?섍린.,
MJ_S3_25,Minjun,3,"鍮뚮윴(?깊썕)???깆옣, ?쒕줈 吏耳쒖＜湲? 源딆? ?띾쭏?? ?ы쉶???됲뙋 愿由?,怨듭썝: 誘쇱??댁? 誘몃옒??紐⑥뒿(怨좊벑?숈깮?????곕━)?????吏꾩??섍쾶 ?댁빞湲??섎늻湲?
MJ_S3_26,Minjun,3,鍮뚮윴(?깊썕)???깆옣", ?쒕줈 吏耳쒖＜湲? 源딆? ?띾쭏?? ?ы쉶???됲뙋 愿由?,援먯떎: 誘쇱??닿? ?숆탳 異뺤젣 ??媛숈씠 諛대뱶??怨듭뿰???섏옄怨??쒖븞???? ?⑷린 ?댁뼱 ?섎씫?섍린.,
MJ_S3_27,Minjun,3,"鍮뚮윴(?깊썕)???깆옣, ?쒕줈 吏耳쒖＜湲? 源딆? ?띾쭏?? ?ы쉶???됲뙋 愿由?,PC諛? ?④낏 PC諛??ъ옣?섍퍡 誘쇱??댁? ?⑥쭩?대씪???뚮━瑜??ㅼ뿀????諛섏쓳?섍린.
MJ_S3_28,Minjun,3,鍮뚮윴(?깊썕)???깆옣", ?쒕줈 吏耳쒖＜湲? 源딆? ?띾쭏?? ?ы쉶???됲뙋 愿由?,?섍덫湲? 1?숆린 ?숈븞 誘쇱??댁? 李띿? ?ъ쭊?ㅼ쓣 蹂대ŉ 異붿뼲 ?뚯긽?섍린.,
MJ_S3_29,Minjun,3,"鍮뚮윴(?깊썕)???깆옣, ?쒕줈 吏耳쒖＜湲? 源딆? ?띾쭏?? ?ы쉶???됲뙋 愿由?,援먯떎: 諛⑺븰?앹쓣 ?욌몢怨?誘쇱??댁뿉寃?以?吏㏃? ?몄????좊Ъ 以鍮꾪븯湲?
MJ_S3_30,Minjun,3,鍮뚮윴(?깊썕)???깆옣", ?쒕줈 吏耳쒖＜湲? 源딆? ?띾쭏?? ?ы쉶???됲뙋 愿由?,"援먮Ц: 1?숆린 留덉?留??? 誘쇱??댁? ""諛⑺븰 ??PC諛⑹뿉??遊?""?쇨퀬 ?몄궗?섎ŉ ?ㅼ뼱吏湲?",
SY_S1_01,Seoyeon,1,"誘몄닠??援먯떎?먯꽌??泥?留뚮궓, ?꾩씠??援우쫰 ?뺣낫 援먰솚, ?덉쓽 諛붾Ⅸ ?몄궗",3??泥?二? 誘몄닠 ?쒓컙???놁옄由ъ뿉 ?됱? ?쒖뿰?댁뿉寃?議곗떖?ㅻ읇寃??몄궗?섍린.,,
SY_S1_02,Seoyeon,1,"誘몄닠??援먯떎?먯꽌??泥?留뚮궓, ?꾩씠??援우쫰 ?뺣낫 援먰솚, ?덉쓽 諛붾Ⅸ ?몄궗","蹂듬룄: ?쒖뿰??媛諛⑹뿉 ?щ┛ ?꾩씠???ㅻ쭅??蹂닿퀬 ""洹멸굅 ?대뼡 洹몃９?댁빞?""?쇨퀬 臾산린.",,
SY_S1_03,Seoyeon,1,"誘몄닠??援먯떎?먯꽌??泥?留뚮궓, ?꾩씠??援우쫰 ?뺣낫 援먰솚, ?덉쓽 諛붾Ⅸ ?몄궗","援먯떎: ?쒖뿰?닿? ?ㅼ씠?대━???ㅽ떚而ㅻ? 遺숈씠怨??덉쓣 ?? ""?ㅽ떚而??덉걯???쇨퀬 吏㏐쾶 移?갔?섍린.""",,
SY_S1_04,Seoyeon,1,"誘몄닠??援먯떎?먯꽌??泥?留뚮궓, ?꾩씠??援우쫰 ?뺣낫 援먰솚, ?덉쓽 諛붾Ⅸ ?몄궗",誘몄닠?? ?쒖뿰?닿? ?ㅼ?移섎턿??諛묎렇由쇱쓣 洹몃┫ ?? ?대뼡 洹몃┝?몄? 議곗떖?ㅻ읇寃?臾쇱뼱蹂닿린.,,
SY_S1_05,Seoyeon,1,"誘몄닠??援먯떎?먯꽌??泥?留뚮궓, ?꾩씠??援우쫰 ?뺣낫 援먰솚, ?덉쓽 諛붾Ⅸ ?몄궗","湲됱떇?? ?쒖뿰?닿? 諛μ쓣 ?곴쾶 癒밸뒗 寃껋쓣 蹂닿퀬 ""?낅쭧????留욎븘?""?쇨퀬 吏㏐쾶 吏덈Ц?섍린.",,
SY_S1_06,Seoyeon,1,"誘몄닠??援먯떎?먯꽌??泥?留뚮궓, ?꾩씠??援우쫰 ?뺣낫 援먰솚, ?덉쓽 諛붾Ⅸ ?몄궗",蹂듬룄: ?쒖뿰?닿? 移쒓뎄?ㅺ낵 ?ъ쭊??李띻퀬 ?덉쓣 ?? 諛⑺빐?섏? ?딄쾶 ?놁쑝濡?吏?섍?湲?,,
SY_S1_07,Seoyeon,1,"誘몄닠??援먯떎?먯꽌??泥?留뚮궓, ?꾩씠??援우쫰 ?뺣낫 援먰솚, ?덉쓽 諛붾Ⅸ ?몄궗",援먯떎: ?쒖뿰?닿? ?꾪넻?먯꽌 ?덉걶 ?쒖쓣 爰쇰궪 ?? ?대뵒????붿? ?뺣낫 援먰솚?섍린.,,
SY_S1_08,Seoyeon,1,"誘몄닠??援먯떎?먯꽌??泥?留뚮궓, ?꾩씠??援우쫰 ?뺣낫 援먰솚, ?덉쓽 諛붾Ⅸ ?몄궗",?깃덫湲? 援먮Ц?먯꽌 留덉＜移??쒖뿰?댁뿉寃?媛蹂띻쾶 紐⑸??섎ŉ ?몄궗?섍린.,,
SY_S1_09,Seoyeon,1,"誘몄닠??援먯떎?먯꽌??泥?留뚮궓, ?꾩씠??援우쫰 ?뺣낫 援먰솚, ?덉쓽 諛붾Ⅸ ?몄궗",援먯떎: ?쒖뿰?닿? 醫뗭븘?섎뒗 ?꾩씠?뚯쓽 ?좉끝???섏솕???? ?몃옒 醫뗫떎怨??쒕쭏??嫄대꽕湲?,,
SY_S1_10,Seoyeon,1,"誘몄닠??援먯떎?먯꽌??泥?留뚮궓, ?꾩씠??援우쫰 ?뺣낫 援먰솚, ?덉쓽 諛붾Ⅸ ?몄궗",寃뚯떆???? ?숆탳 ?됱궗 ?ъ뒪?곕? 蹂닿퀬 ?덈뒗 ?쒖뿰???놁뿉??媛숈씠 ?댁슜 ?뺤씤?섍린.,,
SY_S1_11,Seoyeon,1,"誘몄닠??援먯떎?먯꽌??泥?留뚮궓, ?꾩씠??援우쫰 ?뺣낫 援먰솚, ?덉쓽 諛붾Ⅸ ?몄궗","援먯떎: ?쒖뿰?닿? ?ы넗移대뱶瑜??뺣━?섍퀬 ?덉쓣 ?? ""?ъ뭅 ?섍쾶 留롫떎""硫?????쒖옉?섍린.",,
SY_S1_12,Seoyeon,1,"誘몄닠??援먯떎?먯꽌??泥?留뚮궓, ?꾩씠??援우쫰 ?뺣낫 援먰솚, ?덉쓽 諛붾Ⅸ ?몄궗","蹂듬룄: ?쒖뿰?닿? ?⑥뼱?⑤┛ 吏?곌컻瑜?二쇱썙二쇰ŉ ""?ш린 ?덉뼱""?쇨퀬 留먰븯湲?",,
SY_S1_13,Seoyeon,1,"誘몄닠??援먯떎?먯꽌??泥?留뚮궓, ?꾩씠??援우쫰 ?뺣낫 援먰솚, ?덉쓽 諛붾Ⅸ ?몄궗",?섏뾽 ?쒓컙: 紐⑤몺 ?쒕룞?먯꽌 ?쒖뿰?닿? ?쒓린 ??븷??留≪븯???? ???섍껄 吏㏐쾶 ?꾨떖?섍린.,,
SY_S1_14,Seoyeon,1,"誘몄닠??援먯떎?먯꽌??泥?留뚮궓, ?꾩씠??援우쫰 ?뺣낫 援먰솚, ?덉쓽 諛붾Ⅸ ?몄궗",?뚯븙?? ?쒖뿰?닿? 醫뗭븘?섎뒗 媛?섏쓽 ?몃옒媛 ?섏삱 ?? ?꾨뒗 泥숉븯硫?怨듯넻??李얘린.,,
SY_S1_15,Seoyeon,1,"誘몄닠??援먯떎?먯꽌??泥?留뚮궓, ?꾩씠??援우쫰 ?뺣낫 援먰솚, ?덉쓽 諛붾Ⅸ ?몄궗","援먯떎: ?쒖뿰?닿? 洹몃┛ 罹먮┃?곕? 蹂닿퀬 ""吏꾩쭨 ??洹몃┛???쇨퀬 吏꾩떖?쇰줈 移?갔?섍린.""",,
SY_S1_16,Seoyeon,1,"誘몄닠??援먯떎?먯꽌??泥?留뚮궓, ?꾩씠??援우쫰 ?뺣낫 援먰솚, ?덉쓽 諛붾Ⅸ ?몄궗","留ㅼ젏: ?쒖뿰?닿? 怨좊Ⅸ ?멸린 ?곗쑀瑜?蹂닿퀬 ""?섎룄 洹멸굅 醫뗭븘???쇨퀬 怨듯넻??李얘린.""",,
SY_S1_17,Seoyeon,1,"誘몄닠??援먯떎?먯꽌??泥?留뚮궓, ?꾩씠??援우쫰 ?뺣낫 援먰솚, ?덉쓽 諛붾Ⅸ ?몄궗",援먮Ц: 鍮??ㅻ뒗 ?? ?쒖뿰?닿? ?곗궛???닿퀬 ?덉쓣 ???좎뵪 ?댁빞湲곕? 吏㏐쾶 ?섎늻湲?,,
SY_S1_18,Seoyeon,1,"誘몄닠??援먯떎?먯꽌??泥?留뚮궓, ?꾩씠??援우쫰 ?뺣낫 援먰솚, ?덉쓽 諛붾Ⅸ ?몄궗",蹂듬룄: ?쒖뿰?닿? ???덇꼍???곌퀬 ?붿쓣 ?? ???댁슱由곕떎怨?議곗떖?ㅻ읇寃?留먰븯湲?,,
SY_S1_19,Seoyeon,1,"誘몄닠??援먯떎?먯꽌??泥?留뚮궓, ?꾩씠??援우쫰 ?뺣낫 援먰솚, ?덉쓽 諛붾Ⅸ ?몄궗","援먯떎: ?쒖뿰?닿? ?쎄퀬 ?덈뒗 留뚰솕梨??쒕ぉ??蹂닿퀬 ""?섎룄 洹??묎? ?뚯븘""?쇨퀬 留?嫄멸린.",,
SY_S1_20,Seoyeon,1,"誘몄닠??援먯떎?먯꽌??泥?留뚮궓, ?꾩씠??援우쫰 ?뺣낫 援먰솚, ?덉쓽 諛붾Ⅸ ?몄궗",?숈썝 踰꾩뒪: ?곗뿰???욌뮘 ?먮━???됱븯???? ?대뒓 ??뿉???대━?붿? 臾산린.,,
SY_S1_21,Seoyeon,1,"誘몄닠??援먯떎?먯꽌??泥?留뚮궓, ?꾩씠??援우쫰 ?뺣낫 援먰솚, ?덉쓽 諛붾Ⅸ ?몄궗",援먯떎: ?쒖뿰?닿? 梨낆긽????퀬 ?덉쓣 ?? 臾쇳떚?덈? 鍮뚮젮二쇨굅??嫄대꽕二쇨린.,,
SY_S1_22,Seoyeon,1,"誘몄닠??援먯떎?먯꽌??泥?留뚮궓, ?꾩씠??援우쫰 ?뺣낫 援먰솚, ?덉쓽 諛붾Ⅸ ?몄궗",?뺤닔湲??? ?쒖뿰?닿? 臾쇱쓣 諛쏄퀬 ?덉쓣 ?? ?쒖꽌 湲곕떎由щŉ 媛蹂띻쾶 ?덉씤?ы븯湲?,,
SY_S1_23,Seoyeon,1,"誘몄닠??援먯떎?먯꽌??泥?留뚮궓, ?꾩씠??援우쫰 ?뺣낫 援먰솚, ?덉쓽 諛붾Ⅸ ?몄궗",蹂듬룄: ?쒖뿰?닿? 移쒓뎄? 鍮꾨? ?댁빞湲곕? ?섎뒗 ??븷 ?? ?덉튂猿?硫由??⑥뼱??嫄룰린.,,
SY_S1_24,Seoyeon,1,"誘몄닠??援먯떎?먯꽌??泥?留뚮궓, ?꾩씠??援우쫰 ?뺣낫 援먰솚, ?덉쓽 諛붾Ⅸ ?몄궗",援먯떎: ?쒖뿰?닿? ?꾨겮???꾧린援щ? 鍮뚮젮?щ씪怨????? 議곗떖?ㅻ읇寃??ъ슜?섍퀬 ?뚮젮二쇨린.,,
SY_S1_25,Seoyeon,1,"誘몄닠??援먯떎?먯꽌??泥?留뚮궓, ?꾩씠??援우쫰 ?뺣낫 援먰솚, ?덉쓽 諛붾Ⅸ ?몄궗",湲됱떇 以? ?ㅻ뒛 ?섏삤???붿??멸? 留쏆엳??寃?媛숇떎怨??쒖뿰?댁뿉寃?留?嫄멸린.,,
SY_S1_26,Seoyeon,1,"誘몄닠??援먯떎?먯꽌??泥?留뚮궓, ?꾩씠??援우쫰 ?뺣낫 援먰솚, ?덉쓽 諛붾Ⅸ ?몄궗","誘몄닠 ?쒓컙: ?쒖뿰?닿? 臾쇨컧???욌뒗 紐⑥뒿???좉린?댁꽌 ""洹멸굔 臾댁뒯 ?됱씠??""?쇨퀬 臾산린.",,
SY_S1_27,Seoyeon,1,"誘몄닠??援먯떎?먯꽌??泥?留뚮궓, ?꾩씠??援우쫰 ?뺣낫 援먰솚, ?덉쓽 諛붾Ⅸ ?몄궗",援먯떎: ?쒖뿰?닿? 二쇰쭚???꾩떆?뚯뿉 ?ㅻ??붾떎怨????? ?대븷?붿? 吏덈Ц?섍린.,,
SY_S1_28,Seoyeon,1,"誘몄닠??援먯떎?먯꽌??泥?留뚮궓, ?꾩씠??援우쫰 ?뺣낫 援먰솚, ?덉쓽 諛붾Ⅸ ?몄궗","?섍덫湲? ?좊컻???욎뿉??留덉＜移??쒖뿰?댁뿉寃?""議곗떖?댁꽌 媛""?쇨퀬 ?몄궗?섍린.",,
SY_S1_29,Seoyeon,1,"誘몄닠??援먯떎?먯꽌??泥?留뚮궓, ?꾩씠??援우쫰 ?뺣낫 援먰솚, ?덉쓽 諛붾Ⅸ ?몄궗",援먯떎: ?쒖뿰?닿? ?숈젣瑜????덈뒗吏 臾쇱뼱蹂??? 吏꾪뻾 ?곹솴 怨듭쑀?섍린.,,
SY_S1_30,Seoyeon,1,"誘몄닠??援먯떎?먯꽌??泥?留뚮궓, ?꾩씠??援우쫰 ?뺣낫 援먰솚, ?덉쓽 諛붾Ⅸ ?몄궗",蹂듬룄: ?쒖뿰?닿? 媛諛⑹뿉 遺숈씤 ?대쫫?쒓? 洹?쎈떎怨?移?갔?섍린.,,
SY_S1_31,Seoyeon,1,"誘몄닠??援먯떎?먯꽌??泥?留뚮궓, ?꾩씠??援우쫰 ?뺣낫 援먰솚, ?덉쓽 諛붾Ⅸ ?몄궗",援먯떎: ?쒖뿰?닿? 醫뗭븘?섎뒗 ?꾩씠?뚯쓽 ?앹씪 愿묎퀬瑜?遊ㅻ떎怨??뺣낫 怨듭쑀?섍린.,,
SY_S1_32,Seoyeon,1,"誘몄닠??援먯떎?먯꽌??泥?留뚮궓, ?꾩씠??援우쫰 ?뺣낫 援먰솚, ?덉쓽 諛붾Ⅸ ?몄궗",泥댁쑁 ?쒓컙: ?쒖뿰?닿? ?대룞??援ъ꽍?먯꽌 ?ш퀬 ?덉쓣 ?? ?놁뿉 ?됱븘 吏㏃? ????섎늻湲?,,
SY_S1_33,Seoyeon,1,"誘몄닠??援먯떎?먯꽌??泥?留뚮궓, ?꾩씠??援우쫰 ?뺣낫 援먰솚, ?덉쓽 諛붾Ⅸ ?몄궗",援먯떎: ?쒖뿰?닿? ??耳?댁뒪瑜?諛붽엥???? ?붿옄?몄씠 ?덉걯?ㅺ퀬 ?멸툒?섍린.,,
SY_S1_34,Seoyeon,1,"誘몄닠??援먯떎?먯꽌??泥?留뚮궓, ?꾩씠??援우쫰 ?뺣낫 援먰솚, ?덉쓽 諛붾Ⅸ ?몄궗",蹂듬룄: ?쒖뿰?닿? ?ы뵂 ?쒖젙?쇰줈 ?쇱옄 ?덉쓣 ?? 議곗슜???놁쓣 吏?섍? 二쇨굅??吏耳쒕킄 二쇨린.,,
SY_S1_35,Seoyeon,1,"誘몄닠??援먯떎?먯꽌??泥?留뚮궓, ?꾩씠??援우쫰 ?뺣낫 援먰솚, ?덉쓽 諛붾Ⅸ ?몄궗","援먮Ц: 湲덉슂???ㅽ썑, ?쒖뿰?댁뿉寃?""二쇰쭚?????ъ뼱""?쇨퀬 ?뺤쨷?섍쾶 ?몄궗?섍린.",,
SY_S2_01,Seoyeon,2,"?ㅺ씀/?쒕줈???묒뾽, SNS 留욏뙏濡쒖슦, ?몄깮?ㅼ뻔 李띻린, ?꾧끝??嫄곗젅 ?댄빐",援먯떎: ?쒖뿰?닿? ?ㅼ씠?대━瑜?袁몃? ?? ?닿? 媛吏??덉걶 ?ㅽ떚而??섎굹瑜??좊Ъ?섍린.,,
SY_S2_02,Seoyeon,2,"?ㅺ씀/?쒕줈???묒뾽, SNS 留욏뙏濡쒖슦, ?몄깮?ㅼ뻔 李띻린, ?꾧끝??嫄곗젅 ?댄빐","?섍덫湲? ?쒖뿰?닿? ""?곕━ ?몄깮?ㅼ뻔 李띿쑝??媛덈옒?""?쇨퀬 ?쒖븞???? 湲곗걯寃??섎씫?섍린.",,
SY_S2_03,Seoyeon,2,"?ㅺ씀/?쒕줈???묒뾽, SNS 留욏뙏濡쒖슦, ?몄깮?ㅼ뻔 李띻린, ?꾧끝??嫄곗젅 ?댄빐",?몄깮?ㅼ뻔: ?ъ쭊 李띿쓣 ???대뼡 ?ъ쫰瑜??좎? ?쒖뿰?댁쓽 ?섍껄 癒쇱? 臾쇱뼱蹂닿린.,,
SY_S2_04,Seoyeon,2,"?ㅺ씀/?쒕줈???묒뾽, SNS 留욏뙏濡쒖슦, ?몄깮?ㅼ뻔 李띻린, ?꾧끝??嫄곗젅 ?댄빐","SNS: ?쒖뿰?닿? ?щ┛ 洹몃┝ 寃뚯떆臾쇱뿉 ""?됯컧???덈Т ?덈퍙""?쇨퀬 ?뺤꽦 ?대┛ ?볤? ?ш린.",,
SY_S2_05,Seoyeon,2,"?ㅺ씀/?쒕줈???묒뾽, SNS 留욏뙏濡쒖슦, ?몄깮?ㅼ뻔 李띻린, ?꾧끝??嫄곗젅 ?댄빐",援먯떎: ?쒖뿰?닿? ?꾩씠???몃옒瑜?媛숈씠 ?ｌ옄怨??댁뼱???쒖そ??嫄대꽟 ??諛섏쓳?섍린.,,
SY_S2_06,Seoyeon,2,"?ㅺ씀/?쒕줈???묒뾽, SNS 留욏뙏濡쒖슦, ?몄깮?ㅼ뻔 李띻린, ?꾧끝??嫄곗젅 ?댄빐",?몄쓽?? ?쒖뿰?닿? 醫뗭븘?섎뒗 ?덉걶 ?ъ옣???ㅻ━瑜?諛쒓껄?댁꽌 ?섎굹 嫄대꽕二쇨린.,,
SY_S2_07,Seoyeon,2,"?ㅺ씀/?쒕줈???묒뾽, SNS 留욏뙏濡쒖슦, ?몄깮?ㅼ뻔 李띻린, ?꾧끝??嫄곗젅 ?댄빐",誘몄닠?? ?닿? 洹몃┛ 洹몃┝???댁긽?섎떎怨??먯콉???? ?쒖뿰?닿? ?댁＜???꾨줈????듯븯湲?,,
SY_S2_08,Seoyeon,2,"?ㅺ씀/?쒕줈???묒뾽, SNS 留욏뙏濡쒖슦, ?몄깮?ㅼ뻔 李띻린, ?꾧끝??嫄곗젅 ?댄빐",援먯떎: ?쒖뿰?닿? 移쒓뎄?ㅺ낵 ?섎떎 ?④퀬 ?띠뼱 蹂댁씪 ?? ??붿뿉???먯뿰?ㅻ읇寃?鍮좎졇二쇨린.,,
SY_S2_09,Seoyeon,2,"?ㅺ씀/?쒕줈???묒뾽, SNS 留욏뙏濡쒖슦, ?몄깮?ㅼ뻔 李띻린, ?꾧끝??嫄곗젅 ?댄빐","SNS: ?쒖뿰?닿? 蹂대궦 硫붿떆吏???덈Т ??? ?딄쾶, ?곸젅???대え?곗퐯 ?욎뼱 ?듭옣?섍린.",,
SY_S2_10,Seoyeon,2,"?ㅺ씀/?쒕줈???묒뾽, SNS 留욏뙏濡쒖슦, ?몄깮?ㅼ뻔 李띻린, ?꾧끝??嫄곗젅 ?댄빐","?꾩꽌愿: 怨듬??섎뒗 ?쒖뿰?댁뿉寃?""?덈Т 臾대━?섏? 留??쇨퀬 ?묒썝 履쎌? 嫄대꽕湲?""",,
SY_S2_11,Seoyeon,2,"?ㅺ씀/?쒕줈???묒뾽, SNS 留욏뙏濡쒖슦, ?몄깮?ㅼ뻔 李띻린, ?꾧끝??嫄곗젅 ?댄빐",援먯떎: ?쒖뿰?닿? ?꾨겮???ы넗移대뱶瑜??ㅼ닔濡?嫄대뱶?몄쓣 ?? 利됱떆 ?ш낵?섍퀬 ?곹깭 ?댄뵾湲?,,
SY_S2_12,Seoyeon,2,"?ㅺ씀/?쒕줈???묒뾽, SNS 留욏뙏濡쒖슦, ?몄깮?ㅼ뻔 李띻린, ?꾧끝??嫄곗젅 ?댄빐",?섍덫湲? ?쒖뿰?닿? 醫뗭븘?섎뒗 移댄럹???좊찓?닿? ?섏솕?ㅻ뒗 ?뚯떇 ?뚮젮二쇨린.,,
SY_S2_13,Seoyeon,2,"?ㅺ씀/?쒕줈???묒뾽, SNS 留욏뙏濡쒖슦, ?몄깮?ㅼ뻔 李띻린, ?꾧끝??嫄곗젅 ?댄빐",援먯떎: ?쒖뿰?닿? ?좏뻾?섎뒗 ?щ━ ?뚯뒪?몃? 媛숈씠 ?섏옄怨????? ?깆떎?섍쾶 ?듬??섍린.,,
SY_S2_14,Seoyeon,2,"?ㅺ씀/?쒕줈???묒뾽, SNS 留욏뙏濡쒖슦, ?몄깮?ㅼ뻔 李띻린, ?꾧끝??嫄곗젅 ?댄빐",紐⑤몺 怨쇱젣: ?쒖뿰?닿? ?붿옄?몄쓣 留↔퀬 ?닿? ?먮즺 ?뺣━瑜?留≪븘 硫뗭쭊 寃곌낵臾?留뚮뱾湲?,,
SY_S2_15,Seoyeon,2,"?ㅺ씀/?쒕줈???묒뾽, SNS 留욏뙏濡쒖슦, ?몄깮?ㅼ뻔 李띻린, ?꾧끝??嫄곗젅 ?댄빐",援먯떎: ?쒖뿰?닿? 媛먭린??嫄몃젮 紐⑹냼由ш? ???섏삱 ?? ?곕쑜??臾???蹂?嫄대꽕湲?,,
SY_S2_16,Seoyeon,2,"?ㅺ씀/?쒕줈???묒뾽, SNS 留욏뙏濡쒖슦, ?몄깮?ㅼ뻔 李띻린, ?꾧끝??嫄곗젅 ?댄빐",留ㅼ젏: ?쒖뿰?닿? 怨좊Ⅸ 鍮듭쓣 ?????섎닠二쇨쿋?ㅺ퀬 ???? 怨좊쭥寃?諛쏄굅???뺤쨷??嫄곗젅?섍린.,,
SY_S2_17,Seoyeon,2,"?ㅺ씀/?쒕줈???묒뾽, SNS 留욏뙏濡쒖슦, ?몄깮?ㅼ뻔 李띻린, ?꾧끝??嫄곗젅 ?댄빐","?섍덫湲? ?쒖뿰?닿? 怨좊????덈뒗 ???쒖닲?????? ""臾댁뒯 ???덉뼱?""?쇨퀬 議곗떖?ㅻ읇寃?臾산린.",,
SY_S2_18,Seoyeon,2,"?ㅺ씀/?쒕줈???묒뾽, SNS 留욏뙏濡쒖슦, ?몄깮?ㅼ뻔 李띻린, ?꾧끝??嫄곗젅 ?댄빐",援먯떎: ?쒖뿰?닿? ??媛諛⑹뿉 ?덉걶 諛곗?瑜??ъ븘二쇨쿋?ㅺ퀬 ????諛섏쓳?섍린.,,
SY_S2_19,Seoyeon,2,"?ㅺ씀/?쒕줈???묒뾽, SNS 留욏뙏濡쒖슦, ?몄깮?ㅼ뻔 李띻린, ?꾧끝??嫄곗젅 ?댄빐",誘몄닠 ?쒓컙: ?쒖뿰?댁쓽 遺볦쓣 ????살뼱??二쇰ŉ ?묒? 移쒖젅 踰좏?湲?,,
SY_S2_20,Seoyeon,2,"?ㅺ씀/?쒕줈???묒뾽, SNS 留욏뙏濡쒖슦, ?몄깮?ㅼ뻔 李띻린, ?꾧끝??嫄곗젅 ?댄빐","援먯떎: ?쒖뿰?닿? ""吏湲덉? ?쇱옄 ?덇퀬 ?띠뼱""?쇨퀬 ?뚮젮 留먰븷 ?? ?쒖슫?댄븯吏 ?딄퀬 臾쇰윭?섍린.",,
SY_S2_21,Seoyeon,2,"?ㅺ씀/?쒕줈???묒뾽, SNS 留욏뙏濡쒖슦, ?몄깮?ㅼ뻔 李띻린, ?꾧끝??嫄곗젅 ?댄빐",SNS: ?쒖뿰?닿? ?щ┛ ?ъ쭊???닿? ???섏솕?붿? 臾쇱뼱蹂??? ?덉걯?ㅺ퀬 ??듯빐二쇨린.,,
SY_S2_22,Seoyeon,2,"?ㅺ씀/?쒕줈???묒뾽, SNS 留욏뙏濡쒖슦, ?몄깮?ㅼ뻔 李띻린, ?꾧끝??嫄곗젅 ?댄빐",援먯떎: ?쒖뿰?닿? 醫뗭븘?섎뒗 ?꾩씠?뚯쓽 ?≪? 遺濡앹쓣 援ы뻽???? 媛숈씠 援ш꼍?섎ŉ 由ъ븸?섑븯湲?,,
SY_S2_23,Seoyeon,2,"?ㅺ씀/?쒕줈???묒뾽, SNS 留욏뙏濡쒖슦, ?몄깮?ㅼ뻔 李띻린, ?꾧끝??嫄곗젅 ?댄빐",?섍덫湲? ?쒖뿰?댁? 湲몄쓣 嫄룸떎 ?덉걶 苑껋쓣 諛쒓껄?덉쓣 ?? ?ъ쭊 李띾뒗 ?쒖뿰??湲곕떎?ㅼ＜湲?,,
SY_S2_24,Seoyeon,2,"?ㅺ씀/?쒕줈???묒뾽, SNS 留욏뙏濡쒖슦, ?몄깮?ㅼ뻔 李띻린, ?꾧끝??嫄곗젅 ?댄빐","援먯떎: ?쒖뿰?닿? ??留먰닾瑜?""李⑤텇?댁꽌 醫뗭븘""?쇨퀬 移?갔???? 誘몄냼濡??붾떟?섍린.",,
SY_S2_25,Seoyeon,2,"?ㅺ씀/?쒕줈???묒뾽, SNS 留욏뙏濡쒖슦, ?몄깮?ㅼ뻔 李띻린, ?꾧끝??嫄곗젅 ?댄빐",蹂듬룄: 吏?꾧? ?쒖뿰?댁뿉寃??λ궃???ы븯寃?移??? ?곸젅?섍쾶 以묒옱?대낫湲?,,
SY_S2_26,Seoyeon,2,"?ㅺ씀/?쒕줈???묒뾽, SNS 留욏뙏濡쒖슦, ?몄깮?ㅼ뻔 李띻린, ?꾧끝??嫄곗젅 ?댄빐",援먯떎: ?쒖뿰?닿? ?꾧린 ?명듃瑜?鍮뚮젮?щ씪怨????? 源⑤걮?섍쾶 ?뺣━?댁꽌 鍮뚮젮二쇨린.,,
SY_S2_27,Seoyeon,2,"?ㅺ씀/?쒕줈???묒뾽, SNS 留욏뙏濡쒖슦, ?몄깮?ㅼ뻔 李띻린, ?꾧끝??嫄곗젅 ?댄빐",?섍덫湲? ?쒖뿰?닿? 醫뗭븘?섎뒗 ?뚰뭹?듭뿉 媛숈씠 媛?먭퀬 ???? 援ш꼍?섎ŉ 怨듯넻??李얘린.,,
SY_S2_28,Seoyeon,2,"?ㅺ씀/?쒕줈???묒뾽, SNS 留욏뙏濡쒖슦, ?몄깮?ㅼ뻔 李띻린, ?꾧끝??嫄곗젅 ?댄빐","援먯떎: ?쒗뿕 湲곌컙, ?쒖뿰?닿? 以 珥덉퐳由우뿉 怨좊쭏????댁븘 ?묒? 媛꾩떇?쇰줈 ?섎룎?ㅼ＜湲?",,
SY_S2_29,Seoyeon,2,"?ㅺ씀/?쒕줈???묒뾽, SNS 留욏뙏濡쒖슦, ?몄깮?ㅼ뻔 李띻린, ?꾧끝??嫄곗젅 ?댄빐",誘몄닠?? ?쒖뿰?닿? ?꾩꽦??洹몃┝??????뚭컧??臾쇱뼱蹂??? 援ъ껜?곸쑝濡?移?갔?섍린.,,
SY_S2_30,Seoyeon,2,"?ㅺ씀/?쒕줈???묒뾽, SNS 留욏뙏濡쒖슦, ?몄깮?ㅼ뻔 李띻린, ?꾧끝??嫄곗젅 ?댄빐",援먯떎: ?쒖뿰?닿? ???룹뿉 臾살? 癒쇱?瑜??쇱뼱以??? ?뱁솴?섏? ?딄퀬 怨좊쭥?ㅺ퀬 ?섍린.,,
SY_S2_31,Seoyeon,2,"?ㅺ씀/?쒕줈???묒뾽, SNS 留욏뙏濡쒖슦, ?몄깮?ㅼ뻔 李띻린, ?꾧끝??嫄곗젅 ?댄빐",SNS: ?쒖뿰?닿? 蹂대궦 ?щ??덈뒗 由댁뒪 ?곸긽??吏㏐퀬 寃쎌풄??由ъ븸???④린湲?,,
SY_S2_32,Seoyeon,2,"?ㅺ씀/?쒕줈???묒뾽, SNS 留욏뙏濡쒖슦, ?몄깮?ㅼ뻔 李띻린, ?꾧끝??嫄곗젅 ?댄빐",?섍덫湲? ?쒖뿰?닿? ?꾩씠?ㅽ겕由쇱쓣 ?ъ＜寃좊떎怨????? ?ㅼ쓬???닿? ?ш쿋?ㅺ퀬 ?쎌냽?섍린.,,
SY_S2_33,Seoyeon,2,"?ㅺ씀/?쒕줈???묒뾽, SNS 留욏뙏濡쒖슦, ?몄깮?ㅼ뻔 李띻린, ?꾧끝??嫄곗젅 ?댄빐",援먯떎: ?쒖뿰?닿? ?덈줈 ???ㅼ씠?대━ ?띿?瑜??먮옉???? 痍⑦뼢 議댁쨷?댁＜硫??ㅼ뼱二쇨린.,,
SY_S2_34,Seoyeon,2,"?ㅺ씀/?쒕줈???묒뾽, SNS 留욏뙏濡쒖슦, ?몄깮?ㅼ뻔 李띻린, ?꾧끝??嫄곗젅 ?댄빐",誘몄닠 ?쒓컙: ?쒖뿰?댁? 怨듬룞 ?묓뭹??留뚮뱾硫??섍껄 李⑥씠瑜?遺?쒕읇寃?議곗젅?섍린.,,
SY_S2_35,Seoyeon,2,"?ㅺ씀/?쒕줈???묒뾽, SNS 留욏뙏濡쒖슦, ?몄깮?ㅼ뻔 李띻린, ?꾧끝??嫄곗젅 ?댄빐","援먮Ц: ?쒖뿰?닿? ""?덈옉 ??뷀븯硫?留덉쓬???명빐""?쇨퀬 ???? ?섎룄 洹몃젃?ㅺ퀬 留먰빐二쇨린.",,
SY_S3_01,Seoyeon,3,"鍮뚮윴(?깊썕)?먭쾶???쒖뿰 蹂댄샇, 吏꾩떖 ?대┛ ?꾨줈, ?됲뙋 愿由? ?깆닕???곗젙",蹂듬룄: ?깊썕?닿? ?쒖뿰?댁쓽 ?몃え???룹감由쇱쓣 鍮꾩썐???? ?쒖뿰???먯쓣 ?↔퀬 ?먮━ ?쇳븯湲?,,
SY_S3_02,Seoyeon,3,"鍮뚮윴(?깊썕)?먭쾶???쒖뿰 蹂댄샇, 吏꾩떖 ?대┛ ?꾨줈, ?됲뙋 愿由? ?깆닕???곗젙",?⑦넚諛? ?깊썕?닿? ?쒖뿰?댁쓽 洹몃┝???덈씫 ?놁씠 ?щ━怨??由??? ?⑦샇?섍쾶 ??젣 ?붿껌?섍린.,,
SY_S3_03,Seoyeon,3,"鍮뚮윴(?깊썕)?먭쾶???쒖뿰 蹂댄샇, 吏꾩떖 ?대┛ ?꾨줈, ?됲뙋 愿由? ?깆닕???곗젙",援먯떎: ?쒖뿰?닿? ?꾨겮???ㅼ씠?대━瑜??깊썕?닿? ?숈꽌?덉쓣 ?? 媛숈씠 吏?뚯＜硫??꾨줈?섍린.,,
SY_S3_04,Seoyeon,3,"鍮뚮윴(?깊썕)?먭쾶???쒖뿰 蹂댄샇, 吏꾩떖 ?대┛ ?꾨줈, ?됲뙋 愿由? ?깆닕???곗젙",?몄쓽?? ?쒖뿰?닿? ?깊썕???뚮Ц???멸퀬 ?덉쓣 ?? ?댁?瑜?嫄대꽕硫??앷퉴吏 怨곸뿉 ?덉뼱 二쇨린.,,
SY_S3_05,Seoyeon,3,"鍮뚮윴(?깊썕)?먭쾶???쒖뿰 蹂댄샇, 吏꾩떖 ?대┛ ?꾨줈, ?됲뙋 愿由? ?깆닕???곗젙",蹂듬룄: ?깊썕?닿? OO(??? ?쒖뿰???ъ씠瑜??닿컙吏덊븷 ?? ?붾뱾由ъ? ?딄퀬 ?쒖뿰??誘우뼱二쇨린.,,
SY_S3_06,Seoyeon,3,"鍮뚮윴(?깊썕)?먭쾶???쒖뿰 蹂댄샇, 吏꾩떖 ?대┛ ?꾨줈, ?됲뙋 愿由? ?깆닕???곗젙","SNS: ?쒖뿰?댁뿉 ????댁긽???뚮Ц?????? ""?쒖뿰?대뒗 洹몃윺 ???꾨땲???쇨퀬 移쒓뎄?ㅼ뿉寃?留먰븯湲?""",,
SY_S3_07,Seoyeon,3,"鍮뚮윴(?깊썕)?먭쾶???쒖뿰 蹂댄샇, 吏꾩떖 ?대┛ ?꾨줈, ?됲뙋 愿由? ?깆닕???곗젙",援먯떎: ?쒖뿰?닿? ?깊썕?댁쓽 臾대????붽뎄瑜?嫄곗젅?섏? 紐삵븷 ?? ????섏꽌??嫄곗젅?댁＜湲?,,
SY_S3_08,Seoyeon,3,"鍮뚮윴(?깊썕)?먭쾶???쒖뿰 蹂댄샇, 吏꾩떖 ?대┛ ?꾨줈, ?됲뙋 愿由? ?깆닕???곗젙","?섍덫湲? ?쒖뿰?닿? ""???ъ떎 ?숆탳 ?ㅻ뒗 寃?臾댁꽌???쇨퀬 怨좊갚???? """"?닿? ?덉옏??""?쇨퀬 ?묒썝?섍린.""",,
SY_S3_09,Seoyeon,3,"鍮뚮윴(?깊썕)?먭쾶???쒖뿰 蹂댄샇, 吏꾩떖 ?대┛ ?꾨줈, ?됲뙋 愿由? ?깆닕???곗젙",??댄꽣: ?쒖뿰?닿? ?섏쨷???붽?媛 ?섍퀬 ?띕떎??吏꾩???轅덉쓣 留먰븷 ?? 吏꾩떖?쇰줈 ?묒썝?섍린.,,
SY_S3_10,Seoyeon,3,"鍮뚮윴(?깊썕)?먭쾶???쒖뿰 蹂댄샇, 吏꾩떖 ?대┛ ?꾨줈, ?됲뙋 愿由? ?깆닕???곗젙",援먯떎: ?쒖뿰?닿? ?꾪뙆??寃곗꽍?덉쓣 ?? 洹몃궇??怨쇱젣? ?좎씤臾쇱쓣 梨숆꺼???곕씫?댁＜湲?,,
SY_S3_11,Seoyeon,3,"鍮뚮윴(?깊썕)?먭쾶???쒖뿰 蹂댄샇, 吏꾩떖 ?대┛ ?꾨줈, ?됲뙋 愿由? ?깆닕???곗젙",?깃덫湲? ?쒖뿰?닿? 湲곕텇????醫뗭븘 蹂댁씪 ?? 醫뗭븘?섎뒗 ?꾩씠???몃옒瑜?異붿쿇?섎ŉ 湲곕텇 ?꾪솚 ?꾩?二쇨린.,,
SY_S3_12,Seoyeon,3,"鍮뚮윴(?깊썕)?먭쾶???쒖뿰 蹂댄샇, 吏꾩떖 ?대┛ ?꾨줈, ?됲뙋 愿由? ?깆닕???곗젙",援먯떎: ?ㅻⅨ 移쒓뎄?ㅼ씠 OO瑜?臾댁떆???? ?쒖뿰?닿? ???μ젏??議곕ぉ議곕ぉ 留먰빐二쇰뒗 媛먮룞?곸씤 ?곹솴.,,
SY_S3_13,Seoyeon,3,"鍮뚮윴(?깊썕)?먭쾶???쒖뿰 蹂댄샇, 吏꾩떖 ?대┛ ?꾨줈, ?됲뙋 愿由? ?깆닕???곗젙",?섍덫湲? ?쒖뿰?닿? 遺紐⑤떂怨쇱쓽 媛덈벑?쇰줈 ?ы띁???? 議곗슜???ㅼ뼱二쇰ŉ ?먯옟??二쇨린.,,
SY_S3_14,Seoyeon,3,"鍮뚮윴(?깊썕)?먭쾶???쒖뿰 蹂댄샇, 吏꾩떖 ?대┛ ?꾨줈, ?됲뙋 愿由? ?깆닕???곗젙",援먯떎: ?쒖뿰?닿? ?꾩꽦??而ㅻ떎? ?꾩떆 ?묓뭹????린??寃껋쓣 ?뺤꽦猿??꾩?二쇨린.,,
SY_S3_15,Seoyeon,3,"鍮뚮윴(?깊썕)?먭쾶???쒖뿰 蹂댄샇, 吏꾩떖 ?대┛ ?꾨줈, ?됲뙋 愿由? ?깆닕???곗젙","?꾩꽌愿: ?쒗뿕 怨듬?媛 ?섎뱺 ?쒖뿰?댁뿉寃?""?곕━ 議곌툑留????섎궡???쇨퀬 ?ㅻ룆?닿린.""",,
SY_S3_16,Seoyeon,3,"鍮뚮윴(?깊썕)?먭쾶???쒖뿰 蹂댄샇, 吏꾩떖 ?대┛ ?꾨줈, ?됲뙋 愿由? ?깆닕???곗젙","?섍덫湲? ?쒖뿰?닿? ""?덈뒗 ?뺣쭚 ?밸퀎??移쒓뎄???쇨퀬 留먰븷 ?? 吏꾩떖???댁븘 怨좊쭥?ㅺ퀬 ?섍린.""",,
SY_S3_17,Seoyeon,3,"鍮뚮윴(?깊썕)?먭쾶???쒖뿰 蹂댄샇, 吏꾩떖 ?대┛ ?꾨줈, ?됲뙋 愿由? ?깆닕???곗젙",?몄쓽?? ?쒖뿰?닿? 醫뗭븘?섎뒗 ?쒖젙???ㅽ떚而ㅻ? ?곗뿰??諛쒓껄???좊Ъ濡?源쒖쭩 ?꾨떖?섍린.,,
SY_S3_18,Seoyeon,3,"鍮뚮윴(?깊썕)?먭쾶???쒖뿰 蹂댄샇, 吏꾩떖 ?대┛ ?꾨줈, ?됲뙋 愿由? ?깆닕???곗젙",援먯떎: ?쒖뿰?닿? ?ㅻⅨ 移쒓뎄? ?ㅽ빐媛 ?앷꼈???? ?쒖뿰?댁쓽 吏꾩떖??????꾨떖??二쇨린.,,
SY_S3_19,Seoyeon,3,"鍮뚮윴(?깊썕)?먭쾶???쒖뿰 蹂댄샇, 吏꾩떖 ?대┛ ?꾨줈, ?됲뙋 愿由? ?깆닕???곗젙",異뺤젣 湲곌컙: ?쒖뿰?댁쓽 ?꾩떆 怨듦컙??媛???쒖씪 ?ㅻ옯?숈븞 ?묓뭹 媛먯긽?섍퀬 諛⑸챸濡??④린湲?,,
SY_S3_20,Seoyeon,3,"鍮뚮윴(?깊썕)?먭쾶???쒖뿰 蹂댄샇, 吏꾩떖 ?대┛ ?꾨줈, ?됲뙋 愿由? ?깆닕???곗젙","援먯떎: ?쒖뿰?닿? ""???덉쟾蹂대떎 ??留덉쓬?????쎈뒗 寃?媛숈븘""?쇨퀬 ????湲곗걯寃???듯븯湲?",,
SY_S3_21,Seoyeon,3,"鍮뚮윴(?깊썕)?먭쾶???쒖뿰 蹂댄샇, 吏꾩떖 ?대┛ ?꾨줈, ?됲뙋 愿由? ?깆닕???곗젙",諛⑷낵 ?? ?섏? ?좊같?먭쾶 ?쒖뿰?댁쓽 洹몃┝ ?ㅻ젰???먮옉?섎ŉ ?쒖뿰??湲??대젮二쇨린.,,
SY_S3_22,Seoyeon,3,"鍮뚮윴(?깊썕)?먭쾶???쒖뿰 蹂댄샇, 吏꾩떖 ?대┛ ?꾨줈, ?됲뙋 愿由? ?깆닕???곗젙",援먯떎: ?깊썕?닿? 留덉?紐삵빐 ?ш낵???? ?쒖뿰?닿? 留덉쓬??異붿뒪瑜??뚭퉴吏 湲곕떎?ㅼ＜湲?,,
SY_S3_23,Seoyeon,3,"鍮뚮윴(?깊썕)?먭쾶???쒖뿰 蹂댄샇, 吏꾩떖 ?대┛ ?꾨줈, ?됲뙋 愿由? ?깆닕???곗젙",?섍덫湲? 諛⑺븰 ???쒖뿰?댁? ?④퍡 媛??덉걶 移댄럹? ?꾩떆??由ъ뒪???④퍡 留뚮뱾湲?,,
SY_S3_24,Seoyeon,3,"鍮뚮윴(?깊썕)?먭쾶???쒖뿰 蹂댄샇, 吏꾩떖 ?대┛ ?꾨줈, ?됲뙋 愿由? ?깆닕???곗젙",援먯떎: ?쒖뿰?닿? OO瑜??꾪빐 吏곸젒 洹몃젮以 珥덉긽?붾? ?좊Ъ???? 媛먮룞 ?쒗쁽?섍린.,,
SY_S3_25,Seoyeon,3,"鍮뚮윴(?깊썕)?먭쾶???쒖뿰 蹂댄샇, 吏꾩떖 ?대┛ ?꾨줈, ?됲뙋 愿由? ?깆닕???곗젙",怨듭썝: ?쒖뿰?댁? 誘몃옒???쒕줈 ?대뼡 ?대Ⅸ???섏뼱?덉쓣吏 ?꾨??꾨? ?댁빞湲??섎늻湲?,,
SY_S3_26,Seoyeon,3,"鍮뚮윴(?깊썕)?먭쾶???쒖뿰 蹂댄샇, 吏꾩떖 ?대┛ ?꾨줈, ?됲뙋 愿由? ?깆닕???곗젙",援먯떎: ?쒖뿰?닿? 諛⑺븰 ?숈븞?먮룄 怨꾩냽 ?곕씫?섏옄怨??먭???嫄멸퀬 ?쎌냽?섍린.,,
SY_S3_27,Seoyeon,3,"鍮뚮윴(?깊썕)?먭쾶???쒖뿰 蹂댄샇, 吏꾩떖 ?대┛ ?꾨줈, ?됲뙋 愿由? ?깆닕???곗젙",?섍덫湲? ?쒖뿰?댁? 泥섏쓬 李띿뿀???몄깮?ㅼ뻔 ?ъ쭊??蹂대ŉ ?곕━ ?ъ씠媛 ?쇰쭏??蹂?덈뒗吏 留먰븯湲?,,
SY_S3_28,Seoyeon,3,"鍮뚮윴(?깊썕)?먭쾶???쒖뿰 蹂댄샇, 吏꾩떖 ?대┛ ?꾨줈, ?됲뙋 愿由? ?깆닕???곗젙","援먯떎: 1?숆린 留덉?留?誘몄닠 ?쒓컙, ?쒕줈???ㅼ?移섎턿???곕쑜??濡ㅻ쭅 ?섏씠???④꺼二쇨린.",,
SY_S3_29,Seoyeon,3,"鍮뚮윴(?깊썕)?먭쾶???쒖뿰 蹂댄샇, 吏꾩떖 ?대┛ ?꾨줈, ?됲뙋 愿由? ?깆닕???곗젙",諛⑺븰?? ?쒖뿰?댁뿉寃?1?숆린 ?숈븞 怨좊쭏?좊떎??留덉쓬???댁? ?묒? 移대뱶 ?꾨떖?섍린.,,
SY_S3_30,Seoyeon,3,"鍮뚮윴(?깊썕)?먭쾶???쒖뿰 蹂댄샇, 吏꾩떖 ?대┛ ?꾨줈, ?됲뙋 愿由? ?깆닕???곗젙","援먮Ц: 1?숆린 留덉?留??? ?쒖뿰?댁? ""諛⑺븰 ??瑗?留뚮굹???ъ쭊 李띿옄!""?쇨퀬 ?몄궗?섎ŉ ?ㅼ뼱吏湲?",,
JH_S1_01,Jihu,1,"?깃덫湲??щ뒗 ?쒓컙 ?붾????몄궗, 諛?怨듭쑀, 湲됱떇 ?섎떎",3??泥ル궇: 媛숈? 諛섏씠 ??吏?꾧? ?щ젮? ?닿묠?숇Т瑜??섎ŉ ?몄궗?????곸젅??諛섏쓳?섍린.,,
JH_S1_02,Jihu,1,"?깃덫湲??щ뒗 ?쒓컙 ?붾????몄궗, 諛?怨듭쑀, 湲됱떇 ?섎떎",?깃덫湲? 吏?꾧? 硫由ъ꽌 ???대쫫???ш쾶 遺瑜대ŉ ?곗뼱???? ?뱁솴?섏? ?딄퀬 ???붾뱾?댁＜湲?,,
JH_S1_03,Jihu,1,"?깃덫湲??щ뒗 ?쒓컙 ?붾????몄궗, 諛?怨듭쑀, 湲됱떇 ?섎떎",援먯떎: 吏?꾧? ?붿쬁 ?좏뻾?섎뒗 '?쇱툩' ?곸긽??蹂댁뿬二쇰ŉ ?껋쓣 ?? 媛숈씠 ?붾㈃ 遊먯＜湲?,,
JH_S1_04,Jihu,1,"?깃덫湲??щ뒗 ?쒓컙 ?붾????몄궗, 諛?怨듭쑀, 湲됱떇 ?섎떎",?щ뒗 ?쒓컙: 吏?꾧? ??梨낆긽???됱븘 ?댁젣 癒뱀? ?몄쓽???좎긽 怨쇱옄 留쏆쓣 臾섏궗?????ㅼ뼱二쇨린.,,
JH_S1_05,Jihu,1,"?깃덫湲??щ뒗 ?쒓컙 ?붾????몄궗, 諛?怨듭쑀, 湲됱떇 ?섎떎","湲됱떇 ?쒓컙: 吏?꾧? ""?ㅻ뒛 ?뚯떆吏 ?諛뺤씠吏 ?딅깘?""?쇰ŉ ?λ텇????留욎옣援ъ튂湲?",,
JH_S1_06,Jihu,1,"?깃덫湲??щ뒗 ?쒓컙 ?붾????몄궗, 諛?怨듭쑀, 湲됱떇 ?섎떎",蹂듬룄: 吏?꾧? ?덈줈???좎“?대? ?곕ŉ ?λ궃移??? ?살쓣 臾쇱뼱蹂대ŉ ????댁뼱媛湲?,,
JH_S1_07,Jihu,1,"?깃덫湲??щ뒗 ?쒓컙 ?붾????몄궗, 諛?怨듭쑀, 湲됱떇 ?섎떎","援먯떎: 吏?꾧? ???꾪넻??蹂닿퀬 ""?? ?닿굅 ?붿쬁 ?좊뱾 留롮씠 ?곕뒗 嫄곕꽕!""?쇨퀬 ?꾨뒗 泥숉븷 ????듯븯湲?",,
JH_S1_08,Jihu,1,"?깃덫湲??щ뒗 ?쒓컙 ?붾????몄궗, 諛?怨듭쑀, 湲됱떇 ?섎떎",?щЪ???? 吏?꾧? ?먭린 ?щЪ???뺣━瑜??꾩??щ씪怨??λ궃?ㅻ읇寃?留먰븷 ??諛섏쓳?섍린.,,
JH_S1_09,Jihu,1,"?깃덫湲??щ뒗 ?쒓컙 ?붾????몄궗, 諛?怨듭쑀, 湲됱떇 ?섎떎","援먮Ц: ?섍탳?섎뒗 吏?꾧? ""?? ?댁씪? 吏媛곹븯吏 留덈씪~""?쇨퀬 ?띾떞????媛蹂띻쾶 ?袁명븯湲?",,
JH_S1_10,Jihu,1,"?깃덫湲??щ뒗 ?쒓컙 ?붾????몄궗, 諛?怨듭쑀, 湲됱떇 ?섎떎",援먯떎: 吏?꾧? ?곗삁??媛??굅由щ? ?좊굹寃??댁빞湲고븷 ?? 愿???덈뒗 泥?吏㏐쾶 吏덈Ц?섍린.,,
JH_S1_11,Jihu,1,"?깃덫湲??щ뒗 ?쒓컙 ?붾????몄궗, 諛?怨듭쑀, 湲됱떇 ?섎떎","蹂듬룄: 吏?꾧? 異ㅼ텛???쒕뒌???섎ŉ 吏?섍컝 ?? ""洹멸굅 臾댁뒯 異ㅼ씠??""?쇨퀬 臾산린.",,
JH_S1_12,Jihu,1,"?깃덫湲??щ뒗 ?쒓컙 ?붾????몄궗, 諛?怨듭쑀, 湲됱떇 ?섎떎",留ㅼ젏 ?? 吏?꾧? ?뚮즺???닿린 媛?꾨컮?꾨낫瑜??섏옄怨????? 洹쒖튃 ?댄빐?섍퀬 李몄뿬?섍린.,,
JH_S1_13,Jihu,1,"?깃덫湲??щ뒗 ?쒓컙 ?붾????몄궗, 諛?怨듭쑀, 湲됱떇 ?섎떎",援먯떎: 吏?꾧? ???덇꼍???묐삊??蹂댁씤?ㅺ퀬 ?λ궃移??? ?좊㉧濡?諛쏆븘移섍린.,,
JH_S1_14,Jihu,1,"?깃덫湲??щ뒗 ?쒓컙 ?붾????몄궗, 諛?怨듭쑀, 湲됱떇 ?섎떎",?뚯븙?? 吏?꾧? ?낃린瑜??됰슧?섍쾶 ?곗＜?섎ŉ ?껉만 ?? 媛숈씠 ?껋뼱二쇨린.,,
JH_S1_15,Jihu,1,"?깃덫湲??щ뒗 ?쒓컙 ?붾????몄궗, 諛?怨듭쑀, 湲됱떇 ?섎떎",援먯떎: 吏?꾧? 二쇰쭚???덉뿀???껉릿 媛議??먰뵾?뚮뱶瑜?留먰븷 ???앷퉴吏 寃쎄꼍?섍린.,,
JH_S1_16,Jihu,1,"?깃덫湲??щ뒗 ?쒓컙 ?붾????몄궗, 諛?怨듭쑀, 湲됱떇 ?섎떎","蹂듬룄: 吏?꾧? ""???ㅻ뒛 湲곕텇 醫뗭븘 蹂댁씠?붾뜲?""?쇨퀬 ?섍꺼吏싳쓣 ?????곹깭 留먰빐二쇨린.",,
JH_S1_17,Jihu,1,"?깃덫湲??щ뒗 ?쒓컙 ?붾????몄궗, 諛?怨듭쑀, 湲됱떇 ?섎떎","?뺤닔湲??? 吏?꾧? 臾?留덉떆硫?""?? ??寃?媛숇떎!""?쇨퀬 ????吏㏐쾶 怨듦컧?섍린.",,
JH_S1_18,Jihu,1,"?깃덫湲??щ뒗 ?쒓컙 ?붾????몄궗, 諛?怨듭쑀, 湲됱떇 ?섎떎",援먯떎: 吏?꾧? 鍮뚮젮 媛?援먭낵?쒖뿉 ?숈꽌瑜??댁솕???? ?붾궡吏 ?딄퀬 吏?뚮떖?쇨퀬 留먰븯湲?,,
JH_S1_19,Jihu,1,"?깃덫湲??щ뒗 ?쒓컙 ?붾????몄궗, 諛?怨듭쑀, 湲됱떇 ?섎떎","?깃덫湲? 吏?꾧? ""?ㅻ뒛 1援먯떆 萸먯??""?쇨퀬 湲됲븯寃?臾쇱뼱蹂????쒓컙???뚮젮二쇨린.",,
JH_S1_20,Jihu,1,"?깃덫湲??щ뒗 ?쒓컙 ?붾????몄궗, 諛?怨듭쑀, 湲됱떇 ?섎떎","援먯떎: 吏?꾧? ?먭린 ??耳?댁뒪瑜??먮옉?섎ŉ ""?닿굅 ??誘몄낀吏?""?쇨퀬 ????由ъ븸?섑븯湲?",,
JH_S1_21,Jihu,1,"?깃덫湲??щ뒗 ?쒓컙 ?붾????몄궗, 諛?怨듭쑀, 湲됱떇 ?섎떎",?щ뒗 ?쒓컙: 吏?꾧? 移쒓뎄?ㅺ낵 ?좊뱾?ㅺ? ?섎? ??붿뿉 ?쇱썙以????먯뿰?ㅻ읇寃??쒕쭏???섍린.,,
JH_S1_22,Jihu,1,"?깃덫湲??щ뒗 ?쒓컙 ?붾????몄궗, 諛?怨듭쑀, 湲됱떇 ?섎떎",蹂듬룄: 吏?꾧? 吏?섍????좎깮???깊븿???룰컝??????議곗슜???뺤젙?댁＜湲?,,
JH_S1_23,Jihu,1,"?깃덫湲??щ뒗 ?쒓컙 ?붾????몄궗, 諛?怨듭쑀, 湲됱떇 ?섎떎","湲됱떇 以? 吏?꾧? 硫붾돱媛 留덉쓬?????좊떎怨??щ뜙???? ""洹몃옒???닿굔 留쏆엳寃좊떎""?쇨퀬 ?щ옒湲?",,
JH_S1_24,Jihu,1,"?깃덫湲??щ뒗 ?쒓컙 ?붾????몄궗, 諛?怨듭쑀, 湲됱떇 ?섎떎","援먯떎: 吏?꾧? ???먮ぉ?쒓퀎瑜?蹂닿퀬 ""?닿굅 湲곕뒫 留롮븘 蹂댁씤???쇨퀬 ????吏㏐쾶 ?ㅻ챸?섍린.""",,
JH_S1_25,Jihu,1,"?깃덫湲??щ뒗 ?쒓컙 ?붾????몄궗, 諛?怨듭쑀, 湲됱떇 ?섎떎","?섍덫湲? 吏?꾧? ""?ㅻ뒛 ?숈썝 媛湲?吏꾩쭨 ?ル떎!""?쇨퀬 ?뚮━ 吏瑜???怨듦컧?댁＜湲?",,
JH_S1_26,Jihu,1,"?깃덫湲??щ뒗 ?쒓컙 ?붾????몄궗, 諛?怨듭쑀, 湲됱떇 ?섎떎",蹂듬룄: 吏?꾧? ?덈줈 ??媛諛?諛곗?瑜?蹂댁뿬二쇰ŉ ?대뵒 嫄댁? 留욎떠蹂대씪怨?????異붿륫?섍린.,,
JH_S1_27,Jihu,1,"?깃덫湲??щ뒗 ?쒓컙 ?붾????몄궗, 諛?怨듭쑀, 湲됱떇 ?섎떎",援먯떎: 吏?꾧? 移좏뙋?????대쫫???곌퀬 ?λ궃移??? ?λ궃?쇰줈 ?섍린湲?,,
JH_S1_28,Jihu,1,"?깃덫湲??щ뒗 ?쒓컙 ?붾????몄궗, 諛?怨듭쑀, 湲됱떇 ?섎떎",怨쇳븰?? 吏?꾧? ?ㅽ뿕?섎떎媛 ?룹뿉 臾쇱쓣 臾삵삍???? ?댁? 嫄대꽕二쇰ŉ ?꾩?二쇨린.,,
JH_S1_29,Jihu,1,"?깃덫湲??щ뒗 ?쒓컙 ?붾????몄궗, 諛?怨듭쑀, 湲됱떇 ?섎떎",援먯떎: 吏?꾧? ?댁젣 蹂??덈뒫 ?꾨줈洹몃옩 ?댁빞湲곕? ?잛븘?????먮쫫 ?곕씪媛湲?,,
JH_S1_30,Jihu,1,"?깃덫湲??щ뒗 ?쒓컙 ?붾????몄궗, 諛?怨듭쑀, 湲됱떇 ?섎떎",蹂듬룄: 吏?꾧? 媛묒옄湲?二쇱젣瑜?諛붽퓭?????좊컻 ?섍린瑜??????뱁솴?섏? ?딄퀬 ??듯븯湲?,,
JH_S1_31,Jihu,1,"?깃덫湲??щ뒗 ?쒓컙 ?붾????몄궗, 諛?怨듭쑀, 湲됱떇 ?섎떎",援먯떎: 吏?꾧? ??梨낆긽 ?꾩뿉 ?⑥뼱吏?癒몃━移대씫???쇱뼱以???怨좊쭥?ㅺ퀬 ?섍린.,,
JH_S1_32,Jihu,1,"?깃덫湲??щ뒗 ?쒓컙 ?붾????몄궗, 諛?怨듭쑀, 湲됱떇 ?섎떎",泥댁쑁 ?쒓컙: 吏?꾧? 以鍮??대룞???껉린寃??곕씪 ????由ъ븸??議곗젅?섍린.,,
JH_S1_33,Jihu,1,"?깃덫湲??щ뒗 ?쒓컙 ?붾????몄궗, 諛?怨듭쑀, 湲됱떇 ?섎떎","援먯떎: 吏?꾧? ""?ㅻ뒛 ?앸굹怨?萸???""?쇨퀬 ???섏???臾쇱쓣 ????怨꾪쉷 留먰븯湲?",,
JH_S1_34,Jihu,1,"?깃덫湲??щ뒗 ?쒓컙 ?붾????몄궗, 諛?怨듭쑀, 湲됱떇 ?섎떎",蹂듬룄: 吏?꾧? ?먭린 癒몃━ ?ㅽ???諛붽씔 嫄??대뼚?먭퀬 臾쇱쓣 ???붿쭅?섍쾶 移?갔?섍린.,,
JH_S1_35,Jihu,1,"?깃덫湲??щ뒗 ?쒓컙 ?붾????몄궗, 諛?怨듭쑀, 湲됱떇 ?섎떎","援먮Ц: ""?? 二쇰쭚?????좉쾶!""?쇨퀬 ?몄튂硫?媛??吏?꾩뿉寃??몄궗?섍린.",,
JH_S2_01,Jihu,2,"?깊넚 梨뚮┛吏, 二쇱젣 ?꾪솚 ?곸쓳, ?띾떞/吏꾨떞 援щ텇, ???섏? ?딄린","援먯떎: 吏?꾧? ""?곕━ 媛숈씠 梨뚮┛吏 ?곸긽 李띿옄!""?쇨퀬 ?쒖븞???? ???섍껄 ?뺤쨷??留먰븯湲?",,
JH_S2_02,Jihu,2,"?깊넚 梨뚮┛吏, 二쇱젣 ?꾪솚 ?곸쓳, ?띾떞/吏꾨떞 援щ텇, ???섏? ?딄린",?몄쓽?? 吏?꾧? ?좎긽 ?쇰㈃???욎뼱 癒뱀옄硫?'愿댁떇'???쒖븞???? ??묒븞 李얘린.,,
JH_S2_03,Jihu,2,"?깊넚 梨뚮┛吏, 二쇱젣 ?꾪솚 ?곸쓳, ?띾떞/吏꾨떞 援щ텇, ???섏? ?딄린","蹂듬룄: 吏?꾧? ???以묒뿉 ""洹쇰뜲 ?꾧퉴 湲됱떇...""?대씪硫?二쇱젣瑜???諛붽? ???먮쫫 ?湲?",,
JH_S2_04,Jihu,2,"?깊넚 梨뚮┛吏, 二쇱젣 ?꾪솚 ?곸쓳, ?띾떞/吏꾨떞 援щ텇, ???섏? ?딄린",SNS: 吏?꾧? 蹂대궦 ?껉릿 ?ъ쭊 硫붿떆吏???곸젅???듭옣怨??대え?곗퐯 蹂대궡湲?,,
JH_S2_05,Jihu,2,"?깊넚 梨뚮┛吏, 二쇱젣 ?꾪솚 ?곸쓳, ?띾떞/吏꾨떞 援щ텇, ???섏? ?딄린","援먯떎: 吏?꾧? ??留먰닾瑜?議곌툑 ?됰궡 ?대ŉ ?λ궃移??? ""洹멸굔 醫 ?ы뻽???쇨퀬 湲곕텇 ?쒗쁽?섍린.""",,
JH_S2_06,Jihu,2,"?깊넚 梨뚮┛吏, 二쇱젣 ?꾪솚 ?곸쓳, ?띾떞/吏꾨떞 援щ텇, ???섏? ?딄린",?섍덫湲? 吏?꾧? ?몃옒瑜??ш쾶 遺瑜대ŉ 嫄몄쓣 ?? 二쇰? ?덉튂瑜?蹂대ŉ 議곗슜???섏옄怨?留먰븯湲?,,
JH_S2_07,Jihu,2,"?깊넚 梨뚮┛吏, 二쇱젣 ?꾪솚 ?곸쓳, ?띾떞/吏꾨떞 援щ텇, ???섏? ?딄린",援먯떎: 吏?꾧? ?숈젣瑜????댁?????嫄?蹂댁뿬?щ씪怨?議곕? ?? ?대뼸寃?諛섏쓳?좎? 寃곗젙?섍린.,,
JH_S2_08,Jihu,2,"?깊넚 梨뚮┛吏, 二쇱젣 ?꾪솚 ?곸쓳, ?띾떞/吏꾨떞 援щ텇, ???섏? ?딄린",SNS: 吏?꾧? ?⑦넚諛⑹뿉???덈Т 留먯쓣 留롮씠 ???? ?곸젅??????딆뼱二쇨린.,,
JH_S2_09,Jihu,2,"?깊넚 梨뚮┛吏, 二쇱젣 ?꾪솚 ?곸쓳, ?띾떞/吏꾨떞 援щ텇, ???섏? ?딄린","留ㅼ젏: 吏?꾧? ""?닿? ?좉쾶!"" ?섍퀬??吏媛묒쓣 ??媛?몄솕?????뱁솴?섏? ?딄퀬 ?泥섑븯湲?",,
JH_S2_10,Jihu,2,"?깊넚 梨뚮┛吏, 二쇱젣 ?꾪솚 ?곸쓳, ?띾떞/吏꾨떞 援щ텇, ???섏? ?딄린",援먯떎: 吏?꾧? 移쒓뎄???ъ씠?먯꽌 ?뚯쇅???섎? ?꾪빐 ?듭?濡??붿젣瑜?留뚮뱾?댁쨪 ??怨좊쭏? ?쒖떆?섍린.,,
JH_S2_11,Jihu,2,"?깊넚 梨뚮┛吏, 二쇱젣 ?꾪솚 ?곸쓳, ?띾떞/吏꾨떞 援щ텇, ???섏? ?딄린","蹂듬룄: 吏?꾧? ""?덈뒗 ??留⑤궇 吏꾩???""?쇨퀬 臾쇱쓣 ?????깃꺽??????ㅻ챸?댁＜湲?",,
JH_S2_12,Jihu,2,"?깊넚 梨뚮┛吏, 二쇱젣 ?꾪솚 ?곸쓳, ?띾떞/吏꾨떞 援щ텇, ???섏? ?딄린",援먯떎: 吏?꾧? 醫뗭븘?섎뒗 寃뚯엫 ?섍린瑜??섎떎媛 媛묒옄湲?異뺢뎄 ?섍린瑜?????吏덈Ц ?댁뼱媛湲?,,
JH_S2_13,Jihu,2,"?깊넚 梨뚮┛吏, 二쇱젣 ?꾪솚 ?곸쓳, ?띾떞/吏꾨떞 援щ텇, ???섏? ?딄린",?섍덫湲? 吏?꾧? 湲멸굅由ъ뿉???좏뻾?섎뒗 異ㅼ쓣 異붿옄怨????? 遺?꾨읇吏留?議곌툑 ?숈갭?대낫湲?,,
JH_S2_14,Jihu,2,"?깊넚 梨뚮┛吏, 二쇱젣 ?꾪솚 ?곸쓳, ?띾떞/吏꾨떞 援щ텇, ???섏? ?딄린",紐⑤몺 怨쇱젣: 吏?꾧? 怨꾩냽 ?댁냼由щ? ?댁꽌 吏꾨룄媛 ???섍컝 ?? ?ㅼ떆 二쇱젣濡??뚯뼱?ㅺ린.,,
JH_S2_15,Jihu,2,"?깊넚 梨뚮┛吏, 二쇱젣 ?꾪솚 ?곸쓳, ?띾떞/吏꾨떞 援щ텇, ???섏? ?딄린",援먯떎: 吏?꾧? ??洹以묓븳 臾쇨굔???λ궃?쇰줈 媛?멸? ?④꼈???? 李⑤텇?섍쾶 ?뚮젮?щ씪怨??섍린.,,
JH_S2_16,Jihu,2,"?깊넚 梨뚮┛吏, 二쇱젣 ?꾪솚 ?곸쓳, ?띾떞/吏꾨떞 援щ텇, ???섏? ?딄린",留ㅼ젏: 吏?꾧? 怨좊Ⅸ 鍮듭씠 '苑??댁뿀???? 媛숈씠 ?껋쑝硫??꾨줈?댁＜湲?,,
JH_S2_17,Jihu,2,"?깊넚 梨뚮┛吏, 二쇱젣 ?꾪솚 ?곸쓳, ?띾떞/吏꾨떞 援щ텇, ???섏? ?딄린",?섍덫湲? 吏?꾧? 吏앹궗?묓븯???좉? ?앷꼈?ㅻŉ 鍮꾨????몄뼱?볦쓣 ???앷퉴吏 ?ㅼ뼱二쇨린.,,
JH_S2_18,Jihu,2,"?깊넚 梨뚮┛吏, 二쇱젣 ?꾪솚 ?곸쓳, ?띾떞/吏꾨떞 援щ텇, ???섏? ?딄린",援먯떎: 吏?꾧? ?섏뾽 ?쒓컙???덈Т ?좊뱾?댁꽌 ?섍퉴吏 ?쇰궇 六뷀뻽????二쇱쓽 二쇨린.,,
JH_S2_19,Jihu,2,"?깊넚 梨뚮┛吏, 二쇱젣 ?꾪솚 ?곸쓳, ?띾떞/吏꾨떞 援щ텇, ???섏? ?딄린","?대룞?? 吏?꾧? ""?곕━ ?닿린 異뺢뎄 ?좊옒?""?쇨퀬 ???????ㅻ젰??留욎떠 ?쒖븞?섍린.",,
JH_S2_20,Jihu,2,"?깊넚 梨뚮┛吏, 二쇱젣 ?꾪솚 ?곸쓳, ?띾떞/吏꾨떞 援щ텇, ???섏? ?딄린","援먯떎: 吏?꾧? ?닿? 紐⑤Ⅴ???좎“?대? 怨꾩냽 ???? ""洹멸쾶 臾댁뒯 ?살씠??""?쇨퀬 ?ㅼ떆 臾산린.",,
JH_S2_21,Jihu,2,"?깊넚 梨뚮┛吏, 二쇱젣 ?꾪솚 ?곸쓳, ?띾떞/吏꾨떞 援щ텇, ???섏? ?딄린",PC諛? 吏?꾧? 寃뚯엫 ?ㅻ젰?????섏뼱???띿긽?댄븷 ?? 吏???앹쓽 ?띾떞?쇰줈 寃⑸젮?섍린.,,
JH_S2_22,Jihu,2,"?깊넚 梨뚮┛吏, 二쇱젣 ?꾪솚 ?곸쓳, ?띾떞/吏꾨떞 援щ텇, ???섏? ?딄린",?몄쓽?? 吏?꾧? 異붿쿇?섎뒗 ?댁긽??議고빀???뚮즺?섎? 留덉뀛蹂닿퀬 ?붿쭅????留먰븯湲?,,
JH_S2_23,Jihu,2,"?깊넚 梨뚮┛吏, 二쇱젣 ?꾪솚 ?곸쓳, ?띾떞/吏꾨떞 援щ텇, ???섏? ?딄린",援먯떎: 吏?꾧? ?좎깮???깅?紐⑥궗瑜??섎뒗???섎굹????鍮꾩듂????諛섏쓳?섍린.,,
JH_S2_24,Jihu,2,"?깊넚 梨뚮┛吏, 二쇱젣 ?꾪솚 ?곸쓳, ?띾떞/吏꾨떞 援щ텇, ???섏? ?딄린",?숈썝 踰꾩뒪: 吏?꾧? ?놁옄由ъ뿉??怨꾩냽 寃뚯엫 媛숈씠 ?섏옄怨?洹李?쾶 ????嫄곗젅?섎뒗 踰?,,
JH_S2_25,Jihu,2,"?깊넚 梨뚮┛吏, 二쇱젣 ?꾪솚 ?곸쓳, ?띾떞/吏꾨떞 援щ텇, ???섏? ?딄린",援먯떎 ?룹옄由? 吏?꾧? ?ㅻⅨ 移쒓뎄 ?룸떞?붾? ?쒖옉?섎젮 ???? ?붿젣 ?뚮━湲?,,
JH_S2_26,Jihu,2,"?깊넚 梨뚮┛吏, 二쇱젣 ?꾪솚 ?곸쓳, ?띾떞/吏꾨떞 援щ텇, ???섏? ?딄린",誘몄닠 ?쒓컙: 吏?꾧? ?쒖뿰?댁쓽 瑗쇨세?⑥쓣 ?듬떟?댄븷 ?? ?쒖뿰?댁쓽 ?μ젏 留먰빐二쇨린.,,
JH_S2_27,Jihu,2,"?깊넚 梨뚮┛吏, 二쇱젣 ?꾪솚 ?곸쓳, ?띾떞/吏꾨떞 援щ텇, ???섏? ?딄린","蹂듬룄: 吏?꾧? ""???붿쬁 醫 ?댁컧 寃?媛숈??""?쇨퀬 臾쇱쓣 ???쇱뒪 ?덇쾶 ?듯븯湲?",,
JH_S2_28,Jihu,2,"?깊넚 梨뚮┛吏, 二쇱젣 ?꾪솚 ?곸쓳, ?띾떞/吏꾨떞 援щ텇, ???섏? ?딄린","援먮Ц: ?쒗뿕 湲곌컙, 怨듬??섍린 ?レ뼱?섎뒗 吏?꾩? 10遺꾨쭔 媛숈씠 ?⑥뼱 ?몄슦湲?",,
JH_S2_29,Jihu,2,"?깊넚 梨뚮┛吏, 二쇱젣 ?꾪솚 ?곸쓳, ?띾떞/吏꾨떞 援щ텇, ???섏? ?딄린",?꾩꽌愿: 吏?꾧? ?꾩꽌愿?먯꽌 ?먭씀 留먯쓣 嫄몄뼱????議곗슜???쒗궎湲?,,
JH_S2_30,Jihu,2,"?깊넚 梨뚮┛吏, 二쇱젣 ?꾪솚 ?곸쓳, ?띾떞/吏꾨떞 援щ텇, ???섏? ?딄린",援먯떎: 吏?꾧? ??由ъ븸?섏씠 ?덉쟾蹂대떎 醫뗭븘議뚮떎怨?移?갔????湲곗걯寃???듯븯湲?,,
JH_S2_31,Jihu,2,"?깊넚 梨뚮┛吏, 二쇱젣 ?꾪솚 ?곸쓳, ?띾떞/吏꾨떞 援щ텇, ???섏? ?딄린","蹂듬룄: 吏?꾧? ?섏뼱議뚯쓣 ???ш쾶 ?껉린蹂대떎 癒쇱? ""愿쒖갖??""?쇨퀬 臾산린.",,
JH_S2_32,Jihu,2,"?깊넚 梨뚮┛吏, 二쇱젣 ?꾪솚 ?곸쓳, ?띾떞/吏꾨떞 援щ텇, ???섏? ?딄린",PC諛? 吏?꾧? 寃뚯엫 ?꾩씠?쒖쓣 鍮뚮젮?щ씪怨????? ??議곌굔 留먰븯怨?鍮뚮젮二쇨린.,,
JH_S2_33,Jihu,2,"?깊넚 梨뚮┛吏, 二쇱젣 ?꾪솚 ?곸쓳, ?띾떞/吏꾨떞 援щ텇, ???섏? ?딄린",?섍덫湲? 吏?꾧? ?대┫ ???곕━ 媛숈씠 ??섎뜕 ?묒뿭?щ? 爰쇰궪 ??媛숈씠 ?껉린.,,
JH_S2_34,Jihu,2,"?깊넚 梨뚮┛吏, 二쇱젣 ?꾪솚 ?곸쓳, ?띾떞/吏꾨떞 援щ텇, ???섏? ?딄린",援먯떎: ???쒖쓣 鍮뚮젮 媛???됲겕瑜????쇱쓣 ?? ??嫄??щ떖?쇨퀬 ?띾떞?섍린.,,
JH_S2_35,Jihu,2,"?깊넚 梨뚮┛吏, 二쇱젣 ?꾪솚 ?곸쓳, ?띾떞/吏꾨떞 援щ텇, ???섏? ?딄린",?대룞?? 吏?꾧? ?대룞???묒썝 ?⑥옣??留≪븯???? ?놁뿉??媛숈씠 ?묒썝 ?곗뒿?섍린.,,
JH_S3_01,Jihu,3,"?깊썕 ?꾨컻 諛⑹뼱, 吏꾩???怨좊? ?곷떞, ?ы쉶???됲뙋 愿由?,蹂듬룄: ?깊썕?닿? OO??留먰닾媛 '湲곌퀎 媛숇떎'硫?鍮꾩썐???? 吏?꾧? 以묎컙?먯꽌 媛濡쒕쭑???곹솴.""",,,
JH_S3_02,Jihu,3,"?깊썕 ?꾨컻 諛⑹뼱, 吏꾩???怨좊? ?곷떞, ?ы쉶???됲뙋 愿由?,?⑦넚諛? ?깊썕?닿? OO瑜?珥덈????볤퀬 '諛⑺룺'?????? 吏?꾩? 媛쒖씤???섍린.""",,,
JH_S3_03,Jihu,3,"?깊썕 ?꾨컻 諛⑹뼱, 吏꾩???怨좊? ?곷떞, ?ы쉶???됲뙋 愿由?,援먯떎: ?깊썕?닿? 吏?꾩쓽 媛踰쇱슫 ?깃꺽??鍮꾪븯???? ?닿? 吏?꾩쓽 ?μ젏 留먰빐二쇨린.""",,,
JH_S3_04,Jihu,3,"?깊썕 ?꾨컻 諛⑹뼱, 吏꾩???怨좊? ?곷떞, ?ы쉶???됲뙋 愿由?,?몄쓽?? 吏?꾧? ?깊썕???뚮Ц???뺣쭚 ?붽? ?ъ쓣 ?? 媛숈씠 ?붾궡二쇰ŉ ?몃뱾?댁＜湲?""",,,
JH_S3_05,Jihu,3,"?깊썕 ?꾨컻 諛⑹뼱, 吏꾩???怨좊? ?곷떞, ?ы쉶???됲뙋 愿由?,蹂듬룄: ?깊썕?닿? OO?먭쾶 ?좏뻾???ㅼ쿂吏꾨떎怨??由??? 吏?꾧? ?몃뱾?댁＜???곹솴.""",,,
JH_S3_06,Jihu,3,"?깊썕 ?꾨컻 諛⑹뼱, 吏꾩???怨좊? ?곷떞, ?ы쉶???됲뙋 愿由?,SNS: 吏?꾧? ?щ┛ 吏꾩???湲???깊썕?닿? ?낇뵆???ъ븯???? ?묒썝 ?볤? ?ш린.""",,,
JH_S3_07,Jihu,3,"?깊썕 ?꾨컻 諛⑹뼱, 吏꾩???怨좊? ?곷떞, ?ы쉶???됲뙋 愿由?,援먯떎: ?깊썕?닿? 遺꾩쐞湲곕? ?섏븙?섍쾶 留뚮뱾 ?? 吏?꾩? ?덈튆 援먰솚?섎ŉ ?먮━ ?쇳븯湲?""",,,
JH_S3_08,Jihu,3,"?깊썕 ?꾨컻 諛⑹뼱, 吏꾩???怨좊? ?곷떞, ?ы쉶???됲뙋 愿由?,?섍덫湲? 吏?꾧? ?ъ떎? ??긽 諛앹? 泥숉븯??寃??섎뱾?ㅺ퀬 怨좊갚????吏꾩떖?쇰줈 ?ㅼ뼱二쇨린.
JH_S3_09,Jihu,3,?깊썕 ?꾨컻 諛⑹뼱", 吏꾩???怨좊? ?곷떞, ?ы쉶???됲뙋 愿由?,??댄꽣: 吏?꾧? ?깆쟻?????섏? 遺紐⑤떂猿?二꾩넚?섎떎怨??????놁뿉 ?덉뼱 二쇨린.
JH_S3_10,Jihu,3,"?깊썕 ?꾨컻 諛⑹뼱, 吏꾩???怨좊? ?곷떞, ?ы쉶???됲뙋 愿由?,援먯떎: 吏?꾧? ?낃컧??嫄몃젮 寃곗꽍?덉쓣 ?? 湲됱떇 硫붾돱???숈젣 ?ъ쭊 李띿뼱 蹂대궡湲?""",,,
JH_S3_11,Jihu,3,"?깊썕 ?꾨컻 諛⑹뼱, 吏꾩???怨좊? ?곷떞, ?ы쉶???됲뙋 愿由?,?깃덫湲? 吏?꾧? ??옞 ?먯꽌 ?먮뼞?대ŉ ???? 誘몃━ 梨숆꺼???쒖썝??臾?嫄대꽕湲?""",,,
JH_S3_12,Jihu,3,"?깊썕 ?꾨컻 諛⑹뼱, 吏꾩???怨좊? ?곷떞, ?ы쉶???됲뙋 愿由?,援먯떎: 移쒓뎄?ㅼ씠 OO瑜?""""?덉튂 ?녿뒗 ??""?쇨퀬 ???? 吏?꾧? 移?갔?댁＜???곹솴.""",,,
JH_S3_13,Jihu,3,"?깊썕 ?꾨컻 諛⑹뼱, 吏꾩???怨좊? ?곷떞, ?ы쉶???됲뙋 愿由?,?섍덫湲? 吏?꾧? ?댁궗 媛덉???紐⑤Ⅸ?ㅻ뒗 ?뚯떇???꾪븷 ?? ?꾩돩??留덉쓬 ?쒗쁽?섍린.""",,,
JH_S3_14,Jihu,3,"?깊썕 ?꾨컻 諛⑹뼱, 吏꾩???怨좊? ?곷떞, ?ы쉶???됲뙋 愿由?,援먯떎: 吏?꾧? 留뚮뱺 ?됰쭩吏꾩갹 異뺤젣 ?ъ뒪?곕? 蹂닿퀬 媛숈씠 ?섏젙?섎ŉ ?꾩?二쇨린.
JH_S3_15,Jihu,3,?깊썕 ?꾨컻 諛⑹뼱", 吏꾩???怨좊? ?곷떞, ?ы쉶???됲뙋 愿由?,"?꾩꽌愿: 湲곕쭚怨좎궗 ?꾨궇, 吏?꾩? ?쒕줈 臾몄젣 媛瑜댁퀜二쇰ŉ 諛ㅼ깦 怨듬? ?쎌냽?섍린."
JH_S3_16,Jihu,3,"?깊썕 ?꾨컻 諛⑹뼱, 吏꾩???怨좊? ?곷떞, ?ы쉶???됲뙋 愿由?,?섍덫湲? 吏?꾧? """"??吏꾩쭨 ??踰좏봽??""""?쇨퀬 ?뚮━移??? ?섎룄 洹몃젃?ㅺ퀬 ?몄젙?섍린.""",,,
JH_S3_17,Jihu,3,"?깊썕 ?꾨컻 諛⑹뼱, 吏꾩???怨좊? ?곷떞, ?ы쉶???됲뙋 愿由?,?몄쓽?? 吏?꾧? 媛뽮퀬 ?띠뼱 ?섎뜕 ?몄쓽???쒖젙??援우쫰瑜????援ы빐??二쇨린.
JH_S3_18,Jihu,3,?깊썕 ?꾨컻 諛⑹뼱", 吏꾩???怨좊? ?곷떞, ?ы쉶???됲뙋 愿由?,援먯떎: 吏?꾧? 誘쇱??댁? ?ㅽ빐媛 ?앷꺼 ?몄썱???? ???щ엺 ?ъ씠?먯꽌 以묒옱?섍린.
JH_S3_19,Jihu,3,"?깊썕 ?꾨컻 諛⑹뼱, 吏꾩???怨좊? ?곷떞, ?ы쉶???됲뙋 愿由?,異뺤젣 ?뱀씪: 吏?꾧? 臾대? ?꾩뿉???ㅼ닔?덉쓣 ?? 諛묒뿉???쒖씪 ?ш쾶 諛뺤닔 爾먯＜湲?""",,,
JH_S3_20,Jihu,3,"?깊썕 ?꾨컻 諛⑹뼱, 吏꾩???怨좊? ?곷떞, ?ы쉶???됲뙋 愿由?,援먯떎: 吏?꾧? """"?덈옉 ?덉쑝硫?吏猷⑦븷 ?덉씠 ?놁뼱""""?쇨퀬 移?갔????湲곕텇 醫뗪쾶 ?붾떟?섍린.""",,,
JH_S3_21,Jihu,3,"?깊썕 ?꾨컻 諛⑹뼱, 吏꾩???怨좊? ?곷떞, ?ы쉶???됲뙋 愿由?,諛⑷낵 ?? ?섏? ?좊같媛 吏?꾨? 袁몄쭡???? ?ㅼ닔???댁쑀瑜?????ㅻ챸?댁＜湲?""",,,
JH_S3_22,Jihu,3,"?깊썕 ?꾨컻 諛⑹뼱, 吏꾩???怨좊? ?곷떞, ?ы쉶???됲뙋 愿由?,援먯떎: ?깊썕?닿? 吏?꾩뿉寃??ш낵???? ?놁뿉??媛숈씠 吏耳쒕킄 二쇰ŉ ???ㅼ뼱二쇨린.""",,,
JH_S3_23,Jihu,3,"?깊썕 ?꾨컻 諛⑹뼱, 吏꾩???怨좊? ?곷떞, ?ы쉶???됲뙋 愿由?,?섍덫湲? ?щ쫫 諛⑺븰 ??吏?꾨옉 媛숈씠 媛??뚰꽣?뚰겕 怨꾪쉷 ?몄슦硫??좊굹?섍린.
JH_S3_24,Jihu,3,?깊썕 ?꾨컻 諛⑹뼱", 吏꾩???怨좊? ?곷떞, ?ы쉶???됲뙋 愿由?,援먯떎: 吏?꾧? OO瑜??꾪빐 留뚮뱺 '?곕━留뚯쓽 ?뷀샇'瑜?諛곗슱 ??利먭쾪寃?李몄뿬?섍린.
JH_S3_25,Jihu,3,"?깊썕 ?꾨컻 諛⑹뼱, 吏꾩???怨좊? ?곷떞, ?ы쉶???됲뙋 愿由?,怨듭썝: 吏?꾩? ?곕━媛 2?숇뀈???섏뼱??媛숈? 諛섏씠 ?섎㈃ 醫뗪쿋?ㅺ퀬 ?뚮쭩 留먰븯湲?
JH_S3_26,Jihu,3,?깊썕 ?꾨컻 諛⑹뼱", 吏꾩???怨좊? ?곷떞, ?ы쉶???됲뙋 愿由?,援먯떎: 吏?꾧? 諛⑺븰 ?숈븞 ?곕씫 ???섎㈃ 爾먮뱾?닿컙?ㅺ퀬 ?묐컯?????껋쑝硫??쎌냽?섍린.
JH_S3_27,Jihu,3,"?깊썕 ?꾨컻 諛⑹뼱, 吏꾩???怨좊? ?곷떞, ?ы쉶???됲뙋 愿由?,?섍덫湲? 1?숆린 ?숈븞 吏?꾩? 李띿? ?쎄린 ?ъ쭊?ㅼ쓣 蹂대ŉ ?꾧? ???껉릿吏 ?닿린?섍린.
JH_S3_28,Jihu,3,?깊썕 ?꾨컻 諛⑹뼱", 吏꾩???怨좊? ?곷떞, ?ы쉶???됲뙋 愿由?,援먯떎: 1?숆린 留덉?留??? 吏?꾩쓽 濡ㅻ쭅 ?섏씠?쇱뿉 怨좊쭏??留덉쓬 ?곸뼱二쇨린.
JH_S3_29,Jihu,3,"?깊썕 ?꾨컻 諛⑹뼱, 吏꾩???怨좊? ?곷떞, ?ы쉶???됲뙋 愿由?,諛⑺븰?? 吏?꾧? 以 '?곗젙???붿컡'瑜?諛쏄퀬 湲곗걯寃?李⑤낫湲?
JH_S3_30,Jihu,3,?깊썕 ?꾨컻 諛⑹뼱", 吏꾩???怨좊? ?곷떞, ?ы쉶???됲뙋 愿由?,"援먮Ц: 留덉?留??닿렐湲? 吏?꾩쓽 ""諛⑺븰 ??蹂대궡怨?????""?????붾뱾硫??몄궗?섍린."
HE_S1_01,Haeun,1,"?꾪뙆??蹂듬룄 ?뺤쨷???몄궗, ?꾨쭏 移쒓뎄 ??愿怨??쒖슜, ?숆탳 洹쒖튃","蹂듬룄: 留덉＜移??섏? ?좊같?먭쾶 ""?덈뀞?섏꽭???쇨퀬 ?뺤쨷?섍쾶 泥レ씤???섍린.""",,
HE_S1_02,Haeun,1,"?꾪뙆??蹂듬룄 ?뺤쨷???몄궗, ?꾨쭏 移쒓뎄 ??愿怨??쒖슜, ?숆탳 洹쒖튃",?꾪뙆???섎━踰좎씠?? ?꾨쭏 ?щ?由꾩쑝濡??섏??대꽕 吏묒뿉 諛섏갔???꾪빐二쇰윭 媛????덉쓽 吏?ㅺ린.,,
HE_S1_03,Haeun,1,"?꾪뙆??蹂듬룄 ?뺤쨷???몄궗, ?꾨쭏 移쒓뎄 ??愿怨??쒖슜, ?숆탳 洹쒖튃",?깃덫湲? 援먮Ц ?욎뿉???섏? ?좊같瑜?諛쒓껄?덉쓣 ?? 硫由ъ꽌 媛蹂띻쾶 紐⑸??섍린.,,
HE_S1_04,Haeun,1,"?꾪뙆??蹂듬룄 ?뺤쨷???몄궗, ?꾨쭏 移쒓뎄 ??愿怨??쒖슜, ?숆탳 洹쒖튃",?꾩꽌愿: 怨듬? 以묒씤 ?섏? ?좊같 ?놁옄由ъ뿉 ?됱븘???섎뒗吏 議곗떖?ㅻ읇寃?臾쇱뼱蹂닿린.,,
HE_S1_05,Haeun,1,"?꾪뙆??蹂듬룄 ?뺤쨷???몄궗, ?꾨쭏 移쒓뎄 ??愿怨??쒖슜, ?숆탳 洹쒖튃",援먯떎 蹂듬룄: ?섏? ?좊같媛 移쒓뎄?ㅺ낵 吏?섍컝 ?? 諛⑺빐?섏? ?딄쾶 議곗슜???몄궗?섍퀬 吏?섍?湲?,,
HE_S1_06,Haeun,1,"?꾪뙆??蹂듬룄 ?뺤쨷???몄궗, ?꾨쭏 移쒓뎄 ??愿怨??쒖슜, ?숆탳 洹쒖튃",湲됱떇?? ?섏? ?좊같媛 湲됱떇 吏?꾨? ?섍퀬 ?덉쓣 ?? 洹쒖튃??留욎떠 李⑤? 湲곕떎由ш린.,,
HE_S1_07,Haeun,1,"?꾪뙆??蹂듬룄 ?뺤쨷???몄궗, ?꾨쭏 移쒓뎄 ??愿怨??쒖슜, ?숆탳 洹쒖튃","?꾩꽌愿: ?섏??닿? ?쎄퀬 ?덈뒗 梨??쒕ぉ??蹂닿퀬 ""洹?梨??щ컡?댁슂?""?쇨퀬 ?뺤쨷??吏덈Ц?섍린.",,
HE_S1_08,Haeun,1,"?꾪뙆??蹂듬룄 ?뺤쨷???몄궗, ?꾨쭏 移쒓뎄 ??愿怨??쒖슜, ?숆탳 洹쒖튃",?섍덫湲? 媛숈? ?꾪뙆??諛⑺뼢?대씪 媛숈씠 嫄룰쾶 ?섏뿀???? ?좊같??蹂댁“??留욎떠 嫄룰린.,,
HE_S1_09,Haeun,1,"?꾪뙆??蹂듬룄 ?뺤쨷???몄궗, ?꾨쭏 移쒓뎄 ??愿怨??쒖슜, ?숆탳 洹쒖튃",援먯떎: ?섏? ?좊같媛 1?숇뀈 痢듭뿉 蹂쇱씪???덉뼱 ?붿쓣 ?? 諛섍컩寃??몄궗?섍린.,,
HE_S1_10,Haeun,1,"?꾪뙆??蹂듬룄 ?뺤쨷???몄궗, ?꾨쭏 移쒓뎄 ??愿怨??쒖슜, ?숆탳 洹쒖튃",?꾩꽌愿: ?섏? ?좊같媛 怨듬???吏묒쨷?섍퀬 ?덉쓣 ?? 留먯쓣 嫄몄? ?딄퀬 湲곕떎?ㅼ＜湲?,,
HE_S1_11,Haeun,1,"?꾪뙆??蹂듬룄 ?뺤쨷???몄궗, ?꾨쭏 移쒓뎄 ??愿怨??쒖슜, ?숆탳 洹쒖튃","?꾪뙆???⑥?: 二쇰쭚??留덉＜移??섏? ?좊같?먭쾶 ""?대뵒 媛?몄슂?""?쇨퀬 媛蹂띻쾶 ????쒖옉?섍린.",,
HE_S1_12,Haeun,1,"?꾪뙆??蹂듬룄 ?뺤쨷???몄궗, ?꾨쭏 移쒓뎄 ??愿怨??쒖슜, ?숆탳 洹쒖튃","蹂듬룄: ?섏? ?좊같媛 ?⑥뼱?⑤┛ ?좎씤臾쇱쓣 二쇱썙二쇰ŉ ""?좊같, ?닿굅 ?섎━?⑥뼱???쇨퀬 留먰븯湲?""",,
HE_S1_13,Haeun,1,"?꾪뙆??蹂듬룄 ?뺤쨷???몄궗, ?꾨쭏 移쒓뎄 ??愿怨??쒖슜, ?숆탳 洹쒖튃",?꾩꽌愿: ?섏? ?좊같媛 異붿쿇?댁＜???꾨룆 ?꾩꽌 紐⑸줉???ｊ퀬 怨좊쭥?ㅺ퀬 留먰븯湲?,,
HE_S1_14,Haeun,1,"?꾪뙆??蹂듬룄 ?뺤쨷???몄궗, ?꾨쭏 移쒓뎄 ??愿怨??쒖슜, ?숆탳 洹쒖튃",援먯떎: ?섏? ?좊같媛 ?묐뀈????臾몄젣吏묒쓣 臾쇰젮二쇨쿋?ㅺ퀬 ?????뺤쨷??媛먯궗 ?쒖떆?섍린.,,
HE_S1_15,Haeun,1,"?꾪뙆??蹂듬룄 ?뺤쨷???몄궗, ?꾨쭏 移쒓뎄 ??愿怨??쒖슜, ?숆탳 洹쒖튃","?섍덫湲? ?섏? ?좊같媛 ""以묓븰援??앺솢? ?대븣?""?쇨퀬 臾쇱쓣 ???붿쭅?섍퀬 ?덉쓽 ?덇쾶 ??듯븯湲?",,
HE_S1_16,Haeun,1,"?꾪뙆??蹂듬룄 ?뺤쨷???몄궗, ?꾨쭏 移쒓뎄 ??愿怨??쒖슜, ?숆탳 洹쒖튃",留ㅼ젏 ?? ?섏? ?좊같媛 ?뚮즺?섎? ?ъ＜寃좊떎怨????? ?뺤쨷?섍쾶 諛섏쓳?섍린.,,
HE_S1_17,Haeun,1,"?꾪뙆??蹂듬룄 ?뺤쨷???몄궗, ?꾨쭏 移쒓뎄 ??愿怨??쒖슜, ?숆탳 洹쒖튃","?꾩꽌愿: ?섏? ?좊같???ㅽ꽣???뚮옒?덈? 蹂닿퀬 ""?뺣쭚 瑗쇨세?섏떆?ㅼ슂""?쇨퀬 移?갔?섍린.",,
HE_S1_18,Haeun,1,"?꾪뙆??蹂듬룄 ?뺤쨷???몄궗, ?꾨쭏 移쒓뎄 ??愿怨??쒖슜, ?숆탳 洹쒖튃",蹂듬룄: ?섏? ?좊같媛 ?낆? ?⑥젙??援먮났??蹂닿린 醫뗫떎怨?議곗떖?ㅻ읇寃??멸툒?섍린.,,
HE_S1_19,Haeun,1,"?꾪뙆??蹂듬룄 ?뺤쨷???몄궗, ?꾨쭏 移쒓뎄 ??愿怨??쒖슜, ?숆탳 洹쒖튃",?뚯븙???? ?섏? ?좊같媛 ?댁뼱?곗쑝濡??ｊ퀬 ?덈뒗 ?몃옒媛 臾댁뾿?몄? ?뺤쨷??臾쇱뼱蹂닿린.,,
HE_S1_20,Haeun,1,"?꾪뙆??蹂듬룄 ?뺤쨷???몄궗, ?꾨쭏 移쒓뎄 ??愿怨??쒖슜, ?숆탳 洹쒖튃","援먮Ц: ?섏? ?좊같媛 ""?ㅻ뒛 ?쒗뿕 ??遊ㅼ뼱?""?쇨퀬 臾쇱쓣 ??寃곌낵蹂대떎 ?몃젰????留먰븯湲?",,
HE_S1_21,Haeun,1,"?꾪뙆??蹂듬룄 ?뺤쨷???몄궗, ?꾨쭏 移쒓뎄 ??愿怨??쒖슜, ?숆탳 洹쒖튃",怨쇳븰?? ?섏? ?좊같媛 ?ㅽ뿕 ?꾩슦誘몃줈 ?붿쓣 ?? ?좊같??吏?쒖뿉 ?곕씪 ?됰룞?섍린.,,
HE_S1_22,Haeun,1,"?꾪뙆??蹂듬룄 ?뺤쨷???몄궗, ?꾨쭏 移쒓뎄 ??愿怨??쒖슜, ?숆탳 洹쒖튃",蹂듬룄: ?섏? ?좊같媛 移쒓뎄? ?ш컖?섍쾶 ???以묒씪 ?? ?덉튂猿??몄궗 ?앸왂?섍린.,,
HE_S1_23,Haeun,1,"?꾪뙆??蹂듬룄 ?뺤쨷???몄궗, ?꾨쭏 移쒓뎄 ??愿怨??쒖슜, ?숆탳 洹쒖튃","?섍덫湲? ?섏? ?좊같媛 ""?덈뒗 ?섏쨷???대뼡 怨좊벑?숆탳 媛怨??띠뼱?""?쇨퀬 臾쇱쓣 ????듯븯湲?",,
HE_S1_24,Haeun,1,"?꾪뙆??蹂듬룄 ?뺤쨷???몄궗, ?꾨쭏 移쒓뎄 ??愿怨??쒖슜, ?숆탳 洹쒖튃",?꾩꽌愿: ?섏? ?좊같媛 議멸퀬 ?덉쓣 ?? 源⑥슦吏 ?딄퀬 議곗슜???놁옄由??뺣━?댁＜湲?,,
HE_S1_25,Haeun,1,"?꾪뙆??蹂듬룄 ?뺤쨷???몄궗, ?꾨쭏 移쒓뎄 ??愿怨??쒖슜, ?숆탳 洹쒖튃","援먯떎: ?섏? ?좊같媛 鍮뚮젮以 ?쒖쓣 ?뚮젮二쇰ŉ ""?뺣텇??怨듬? ?섑뻽?댁슂""?쇨퀬 ?몄궗?섍린.",,
HE_S1_26,Haeun,1,"?꾪뙆??蹂듬룄 ?뺤쨷???몄궗, ?꾨쭏 移쒓뎄 ??愿怨??쒖슜, ?숆탳 洹쒖튃",蹂듬룄: ?섏? ?좊같媛 ?대쫫?쒕? 嫄곌씀濡??ш퀬 ?덉쓣 ?? 議곗슜???뚮젮二쇨린.,,
HE_S1_27,Haeun,1,"?꾪뙆??蹂듬룄 ?뺤쨷???몄궗, ?꾨쭏 移쒓뎄 ??愿怨??쒖슜, ?숆탳 洹쒖튃","湲됱떇 以? ?섏? ?좊같媛 ""?ㅻ뒛 硫붾돱 萸먯빞?""?쇨퀬 臾쇱뼱蹂???硫붾돱 ?대쫫 ?뚮젮二쇨린.",,
HE_S1_28,Haeun,1,"?꾪뙆??蹂듬룄 ?뺤쨷???몄궗, ?꾨쭏 移쒓뎄 ??愿怨??쒖슜, ?숆탳 洹쒖튃",?꾩꽌愿: ?섏? ?좊같媛 異붿쿇?댁? ?몃뵒 ?뚯븙???ㅼ뼱蹂닿퀬 ?뚭컧 留먰빐二쇨린.,,
HE_S1_29,Haeun,1,"?꾪뙆??蹂듬룄 ?뺤쨷???몄궗, ?꾨쭏 移쒓뎄 ??愿怨??쒖슜, ?숆탳 洹쒖튃","?꾪뙆???낃뎄: ?섏? ?좊같媛 臾닿굅??吏먯쓣 ?ㅺ퀬 ?덉쓣 ?? ""?쒓? ?ㅼ뼱?쒕┫源뚯슂?""?쇨퀬 ?쒖븞?섍린.",,
HE_S1_30,Haeun,1,"?꾪뙆??蹂듬룄 ?뺤쨷???몄궗, ?꾨쭏 移쒓뎄 ??愿怨??쒖슜, ?숆탳 洹쒖튃","蹂듬룄: ?섏? ?좊같媛 ""???붿쬁 誘쇱??대옉 移쒗븯?붾씪?""?쇨퀬 臾쇱쓣 ??愿怨??ㅻ챸?섍린.",,
HE_S1_31,Haeun,1,"?꾪뙆??蹂듬룄 ?뺤쨷???몄궗, ?꾨쭏 移쒓뎄 ??愿怨??쒖슜, ?숆탳 洹쒖튃",?꾩꽌愿: ?섏? ?좊같?먭쾶 紐⑤Ⅴ???섑븰 臾몄젣 ?섎굹瑜?議곗떖?ㅻ읇寃??ъ?蹂닿린.,,
HE_S1_32,Haeun,1,"?꾪뙆??蹂듬룄 ?뺤쨷???몄궗, ?꾨쭏 移쒓뎄 ??愿怨??쒖슜, ?숆탳 洹쒖튃",援먯떎: ?섏? ?좊같媛 ?숈깮 ??섎벏 癒몃━瑜??곕떎?ъ쓣 ?? ?뱁솴?섏? ?딄퀬 ?껋뼱 蹂댁씠湲?,,
HE_S1_33,Haeun,1,"?꾪뙆??蹂듬룄 ?뺤쨷???몄궗, ?꾨쭏 移쒓뎄 ??愿怨??쒖슜, ?숆탳 洹쒖튃",?섍덫湲? ?섏? ?좊같媛 ?몄쓽???쇨컖源諛μ쓣 怨좊? ?? ??異붿쿇 硫붾돱 ?뚮젮二쇨린.,,
HE_S1_34,Haeun,1,"?꾪뙆??蹂듬룄 ?뺤쨷???몄궗, ?꾨쭏 移쒓뎄 ??愿怨??쒖슜, ?숆탳 洹쒖튃",蹂듬룄: ?섏? ?좊같媛 ?섑뻾?됯? ?뚮Ц??諛붾튌 蹂댁씪 ?? 吏㏐쾶 ?묒썝?섍퀬 吏?섍?湲?,,
HE_S1_35,Haeun,1,"?꾪뙆??蹂듬룄 ?뺤쨷???몄궗, ?꾨쭏 移쒓뎄 ??愿怨??쒖슜, ?숆탳 洹쒖튃","二쇰쭚: ?꾨쭏 移쒓뎄 紐⑥엫?먯꽌 留뚮궃 ?섏? ?좊같?먭쾶 ""?ш린??蹂대땲源?諛섍??뚯슂""?쇨퀬 留먰븯湲?",,
HE_S2_01,Haeun,2,"怨듬? ?쒓컙 議댁쨷, ?꾩? ?붿껌, ?꾧끝??嫄곗젅 ?섏슜, 怨듯넻 痍⑤? 怨듭쑀","?꾩꽌愿: ?좊같媛 ""吏湲덉? 吏묒쨷?댁빞 ?댁꽌 ?섏쨷???섍린?섏옄""?쇨퀬 ?????섏슜?섍린.",,
HE_S2_02,Haeun,2,"怨듬? ?쒓컙 議댁쨷, ?꾩? ?붿껌, ?꾧끝??嫄곗젅 ?섏슜, 怨듯넻 痍⑤? 怨듭쑀",?섍덫湲? ?좊같媛 3?숇뀈 移쒓뎄?ㅺ낵 ?덉쓣 ?? ?덈Т ?꾨뒗 泥숉븯吏 ?딄퀬 媛蹂띻쾶 ?몄궗留??섍린.,,
HE_S2_03,Haeun,2,"怨듬? ?쒓컙 議댁쨷, ?꾩? ?붿껌, ?꾧끝??嫄곗젅 ?섏슜, 怨듯넻 痍⑤? 怨듭쑀",SNS: ?섏? ?좊같?먭쾶 硫붿떆吏瑜?蹂대궪 ?? ?덈Т ??? ?쒓컙? ?쇳빐??蹂대궡湲?,,
HE_S2_04,Haeun,2,"怨듬? ?쒓컙 議댁쨷, ?꾩? ?붿껌, ?꾧끝??嫄곗젅 ?섏슜, 怨듯넻 痍⑤? 怨듭쑀",?꾩꽌愿: ?섏? ?좊같媛 ?뚮옒???묒꽦踰뺤쓣 媛瑜댁퀜以??? ?댁떖???ｊ퀬 ?ㅼ쿇?대낫湲?,,
HE_S2_05,Haeun,2,"怨듬? ?쒓컙 議댁쨷, ?꾩? ?붿껌, ?꾧끝??嫄곗젅 ?섏슜, 怨듯넻 痍⑤? 怨듭쑀",援먯떎: ?섏? ?좊같?먭쾶 鍮뚮┛ 梨낆뿉 硫붾え吏??怨쇱옄 遺?ㅻ윭湲곕? ?④린吏 ?딅룄濡?二쇱쓽?섍린.,,
HE_S2_06,Haeun,2,"怨듬? ?쒓컙 議댁쨷, ?꾩? ?붿껌, ?꾧끝??嫄곗젅 ?섏슜, 怨듯넻 痍⑤? 怨듭쑀",留ㅼ젏: ?섏? ?좊같媛 媛꾩떇???ъ＜?????? ?ъ뼇?섍굅??怨좊쭏? ?쒗쁽?섍린.,,
HE_S2_07,Haeun,2,"怨듬? ?쒓컙 議댁쨷, ?꾩? ?붿껌, ?꾧끝??嫄곗젅 ?섏슜, 怨듯넻 痍⑤? 怨듭쑀",蹂듬룄: ?섏? ?좊같媛 ?쒗뿕 怨듬?濡??덈???蹂댁씪 ?? 鍮꾪?誘??뚮즺 嫄대꽕怨??ㅺ린.,,
HE_S2_08,Haeun,2,"怨듬? ?쒓컙 議댁쨷, ?꾩? ?붿껌, ?꾧끝??嫄곗젅 ?섏슜, 怨듯넻 痍⑤? 怨듭쑀",SNS: ?섏? ?좊같媛 ?듭옣????쓣 ?? ?ъ큺?섏? ?딄퀬 湲곕떎由щ뒗 踰??듯엳湲?,,
HE_S2_09,Haeun,2,"怨듬? ?쒓컙 議댁쨷, ?꾩? ?붿껌, ?꾧끝??嫄곗젅 ?섏슜, 怨듯넻 痍⑤? 怨듭쑀",?꾩꽌愿: ?섏? ?좊같媛 怨듬? 以묒씤 梨낆긽???ㅼ닔濡?李쇱쓣 ?? 利됱떆 ?ш낵?섍린.,,
HE_S2_10,Haeun,2,"怨듬? ?쒓컙 議댁쨷, ?꾩? ?붿껌, ?꾧끝??嫄곗젅 ?섏슜, 怨듯넻 痍⑤? 怨듭쑀","?섍덫湲? ?섏? ?좊같媛 ""?덈뒗 留먯씠 李??뺥솗?댁꽌 醫뗭븘""?쇨퀬 移?갔?????붾떟?섍린.",,
HE_S2_11,Haeun,2,"怨듬? ?쒓컙 議댁쨷, ?꾩? ?붿껌, ?꾧끝??嫄곗젅 ?섏슜, 怨듯넻 痍⑤? 怨듭쑀",援먯떎: ?섏? ?좊같媛 臾쇱뼱蹂?1?숇뀈 ?뚯떇??????꾨뒗 ?濡쒕쭔 ?대갚?섍쾶 ?꾨떖?섍린.,,
HE_S2_12,Haeun,2,"怨듬? ?쒓컙 議댁쨷, ?꾩? ?붿껌, ?꾧끝??嫄곗젅 ?섏슜, 怨듯넻 痍⑤? 怨듭쑀","?꾩꽌愿: ?섏? ?좊같媛 吏묒쨷?μ씠 ?⑥뼱??蹂댁씪 ?? ""?좉퉸 ?닿퉴??""?쇨퀬 遺?쒕읇寃??쒖븞?섍린.",,
HE_S2_13,Haeun,2,"怨듬? ?쒓컙 議댁쨷, ?꾩? ?붿껌, ?꾧끝??嫄곗젅 ?섏슜, 怨듯넻 痍⑤? 怨듭쑀","蹂듬룄: ?섏? ?좊같媛 ""?섏쨷???〓낭??癒뱀쑝??媛???쇨퀬 ???? ?좎쭨 援ъ껜?곸쑝濡??뺥븯湲?""",,
HE_S2_14,Haeun,2,"怨듬? ?쒓컙 議댁쨷, ?꾩? ?붿껌, ?꾧끝??嫄곗젅 ?섏슜, 怨듯넻 痍⑤? 怨듭쑀",紐⑤몺 怨쇱젣: ?섏? ?좊같?먭쾶 ?먮즺 議곗궗 ?ъ씠??異붿쿇諛쏄퀬 寃곌낵臾?蹂댁뿬?쒕━湲?,,
HE_S2_15,Haeun,2,"怨듬? ?쒓컙 議댁쨷, ?꾩? ?붿껌, ?꾧끝??嫄곗젅 ?섏슜, 怨듯넻 痍⑤? 怨듭쑀","援먯떎: ?섏? ?좊같媛 ""?덈뒗 ??留⑤궇 洹쒖튃??洹몃젃寃???吏耳?""?쇨퀬 臾쇱쓣 ???뚯떊 留먰븯湲?",,
HE_S2_16,Haeun,2,"怨듬? ?쒓컙 議댁쨷, ?꾩? ?붿껌, ?꾧끝??嫄곗젅 ?섏슜, 怨듯넻 痍⑤? 怨듭쑀",留ㅼ젏: ?섏? ?좊같媛 怨좊Ⅸ 鍮듭씠 ?덉젅???? ????ㅻⅨ 留쏆엳??鍮?李얠븘二쇨린.,,
HE_S2_17,Haeun,2,"怨듬? ?쒓컙 議댁쨷, ?꾩? ?붿껌, ?꾧끝??嫄곗젅 ?섏슜, 怨듯넻 痍⑤? 怨듭쑀",?섍덫湲? ?섏? ?좊같媛 吏꾨줈 怨좊??????? 1?숇뀈???쒖꽑?먯꽌 ?묒썝 嫄대꽕湲?,,
HE_S2_18,Haeun,2,"怨듬? ?쒓컙 議댁쨷, ?꾩? ?붿껌, ?꾧끝??嫄곗젅 ?섏슜, 怨듯넻 痍⑤? 怨듭쑀","?꾩꽌愿: ?섏? ?좊같媛 ??湲?⑥껜瑜?蹂닿퀬 ""?뺣쭚 諛섎벏?섎떎""?쇨퀬 移?갔??????듯븯湲?",,
HE_S2_19,Haeun,2,"怨듬? ?쒓컙 議댁쨷, ?꾩? ?붿껌, ?꾧끝??嫄곗젅 ?섏슜, 怨듯넻 痍⑤? 怨듭쑀",蹂듬룄: ?섏? ?좊같媛 3?숇뀈 ?좊같?ㅼ뿉寃??쇰굹怨??덉쓣 ?? 紐?蹂?泥?吏?섍? 二쇨린.,,
HE_S2_20,Haeun,2,"怨듬? ?쒓컙 議댁쨷, ?꾩? ?붿껌, ?꾧끝??嫄곗젅 ?섏슜, 怨듯넻 痍⑤? 怨듭쑀",援먯떎: ?섏? ?좊같媛 ??留먰닾媛 議곌툑 ?깅뵳?섎떎怨?吏?곹븷 ?? ?몃젰?섍쿋?ㅺ퀬 留먰븯湲?,,
HE_S2_21,Haeun,2,"怨듬? ?쒓컙 議댁쨷, ?꾩? ?붿껌, ?꾧끝??嫄곗젅 ?섏슜, 怨듯넻 痍⑤? 怨듭쑀","SNS: ?섏? ?좊같媛 ?щ┛ ?덉걶 ?띻꼍 ?ъ쭊??""媛먯꽦?곸씠?ㅼ슂""?쇨퀬 ?볤? ?ш린.",,
HE_S2_22,Haeun,2,"怨듬? ?쒓컙 議댁쨷, ?꾩? ?붿껌, ?꾧끝??嫄곗젅 ?섏슜, 怨듯넻 痍⑤? 怨듭쑀",?섍덫湲? ?섏? ?좊같媛 醫뗭븘?섎뒗 ?묎????좉컙 ?뚯떇???뚮젮二쇰ŉ ?뺣낫 怨듭쑀?섍린.,,
HE_S2_23,Haeun,2,"怨듬? ?쒓컙 議댁쨷, ?꾩? ?붿껌, ?꾧끝??嫄곗젅 ?섏슜, 怨듯넻 痍⑤? 怨듭쑀",?꾩꽌愿: ?섏? ?좊같媛 以 ?ы깢 ?섎굹???뺤쨷?섍쾶 媛먯궗 ?몄궗?섍린.,,
HE_S2_24,Haeun,2,"怨듬? ?쒓컙 議댁쨷, ?꾩? ?붿껌, ?꾧끝??嫄곗젅 ?섏슜, 怨듯넻 痍⑤? 怨듭쑀","援먯떎: ?섏? ?좊같媛 ???곗쓽 寃뚯엫 ?뺣낫瑜?蹂닿퀬 ""?좉린?섎떎""?쇨퀬 ?????ㅻ챸?섍린.",,
HE_S2_25,Haeun,2,"怨듬? ?쒓컙 議댁쨷, ?꾩? ?붿껌, ?꾧끝??嫄곗젅 ?섏슜, 怨듯넻 痍⑤? 怨듭쑀",蹂듬룄: 吏?꾧? ?섏? ?좊같?먭쾶 ?덈Т 踰꾨쫯?녾쾶 援??? ?놁뿉??留먮젮蹂닿린.,,
HE_S2_26,Haeun,2,"怨듬? ?쒓컙 議댁쨷, ?꾩? ?붿껌, ?꾧끝??嫄곗젅 ?섏슜, 怨듯넻 痍⑤? 怨듭쑀",?꾩꽌愿: ?섏? ?좊같媛 ?좎떆 ?먮━瑜?鍮꾩슱 ?? ?좊같 臾쇨굔??吏耳쒕킄 二쇨린.,,
HE_S2_27,Haeun,2,"怨듬? ?쒓컙 議댁쨷, ?꾩? ?붿껌, ?꾧끝??嫄곗젅 ?섏슜, 怨듯넻 痍⑤? 怨듭쑀",?섍덫湲? ?섏? ?좊같? ?④퍡 嫄룸떎媛 ?대Ⅸ??留뚮궗???? 媛숈씠 ?몄궗?섍린.,,
HE_S2_28,Haeun,2,"怨듬? ?쒓컙 議댁쨷, ?꾩? ?붿껌, ?꾧끝??嫄곗젅 ?섏슜, 怨듯넻 痍⑤? 怨듭쑀","?쒗뿕 湲곌컙: ?섏? ?좊같媛 ""?곕━ ?대쾲 ?쒗뿕 媛숈씠 ?닿났?섏옄""?쇨퀬 ?????섏? ?ㅼ?湲?",,
HE_S2_29,Haeun,2,"怨듬? ?쒓컙 議댁쨷, ?꾩? ?붿껌, ?꾧끝??嫄곗젅 ?섏슜, 怨듯넻 痍⑤? 怨듭쑀",?꾩꽌愿: ?섏? ?좊같媛 ???ㅽ꽣???뚮옒?덈? 寃?ы빐以??? 議곗뼵 ?ш쾶 諛쏄린.,,
HE_S2_30,Haeun,2,"怨듬? ?쒓컙 議댁쨷, ?꾩? ?붿껌, ?꾧끝??嫄곗젅 ?섏슜, 怨듯넻 痍⑤? 怨듭쑀","援먯떎: ?섏? ?좊같媛 ""?덈옉 ?섍린?섎㈃ 李⑤텇?댁졇??醫뗭븘""?쇨퀬 ????湲곗걯寃???듯븯湲?",,
HE_S2_31,Haeun,2,"怨듬? ?쒓컙 議댁쨷, ?꾩? ?붿껌, ?꾧끝??嫄곗젅 ?섏슜, 怨듯넻 痍⑤? 怨듭쑀",蹂듬룄: ?섏? ?좊같媛 ???룹뿉 臾살? 癒몃━移대씫???쇱뼱二쇰젮 ????媛留뚰엳 ?덇린.,,
HE_S2_32,Haeun,2,"怨듬? ?쒓컙 議댁쨷, ?꾩? ?붿껌, ?꾧끝??嫄곗젅 ?섏슜, 怨듯넻 痍⑤? 怨듭쑀",SNS: ?섏? ?좊같媛 蹂대궦 ?대젮??吏덈Ц???꾨뒗 踰붿쐞 ?댁뿉??理쒖꽑 ?ㅽ빐 ?듯븯湲?,,
HE_S2_33,Haeun,2,"怨듬? ?쒓컙 議댁쨷, ?꾩? ?붿껌, ?꾧끝??嫄곗젅 ?섏슜, 怨듯넻 痍⑤? 怨듭쑀",?섍덫湲? ?섏? ?좊같媛 異붿쿇?댁? 移댄럹???ㅻ??????꾧린 ?ㅻ젮二쇨린.,,
HE_S2_34,Haeun,2,"怨듬? ?쒓컙 議댁쨷, ?꾩? ?붿껌, ?꾧끝??嫄곗젅 ?섏슜, 怨듯넻 痍⑤? 怨듭쑀",?꾩꽌愿: ?섏? ?좊같??媛諛?吏?쇨? ?대젮 ?덉쓣 ?? 議곗슜??留먯??쒕━湲?,,
HE_S2_35,Haeun,2,"怨듬? ?쒓컙 議댁쨷, ?꾩? ?붿껌, ?꾧끝??嫄곗젅 ?섏슜, 怨듯넻 痍⑤? 怨듭쑀","援먮Ц: ?섏? ?좊같媛 ""??吏꾩쭨 誘우쓬吏곹븳 ?꾨같???쇨퀬 ????媛먯궗?섎떎怨??섍린.""",,
HE_S3_01,Haeun,3,"鍮뚮윴 ?깊썕 臾대????泥? ?낆떆 ?ㅽ듃?덉뒪 怨듦컧, ?쒕줈瑜??ν븳 議닿꼍","蹂듬룄: ?깊썕?닿? ?섏? ?좊같 ?욎뿉??OO瑜?""鍮뚮텤?????쇨퀬 鍮꾧섦 ???泥섑븯湲?""",,
HE_S3_02,Haeun,3,"鍮뚮윴 ?깊썕 臾대????泥? ?낆떆 ?ㅽ듃?덉뒪 怨듦컧, ?쒕줈瑜??ν븳 議닿꼍",?⑦넚諛? ?깊썕?닿? ?좊같 ?ъ쭊?쇰줈 ?λ궃移??? ?좊같?먭쾶 ?뚮━怨??꾩?二쇨린.,,
HE_S3_03,Haeun,3,"鍮뚮윴 ?깊썕 臾대????泥? ?낆떆 ?ㅽ듃?덉뒪 怨듦컧, ?쒕줈瑜??ν븳 議닿꼍","援먯떎: ?깊썕?닿? ?섏? ?좊같?먭쾶 臾대??섍쾶 援??? ?⑦샇?섍쾶 ""洹몃윭硫??????쇨퀬 留먰븯湲?""",,
HE_S3_04,Haeun,3,"鍮뚮윴 ?깊썕 臾대????泥? ?낆떆 ?ㅽ듃?덉뒪 怨듦컧, ?쒕줈瑜??ν븳 議닿꼍",?몄쓽?? ?좊같媛 怨듬? ?뚮Ц???섎뱾?댁꽌 ?덈Ъ??蹂댁씪 ?? 議곗슜???먯닔嫄?嫄대꽕湲?,,
HE_S3_05,Haeun,3,"鍮뚮윴 ?깊썕 臾대????泥? ?낆떆 ?ㅽ듃?덉뒪 怨듦컧, ?쒕줈瑜??ν븳 議닿꼍","蹂듬룄: ?깊썕?닿? ""?꾨??쒕떎""怨????? ?좊같媛 ""?뚯쨷???숈깮""?대씪怨??댁＜???곹솴.",,
HE_S3_06,Haeun,3,"鍮뚮윴 ?깊썕 臾대????泥? ?낆떆 ?ㅽ듃?덉뒪 怨듦컧, ?쒕줈瑜??ν븳 議닿꼍",SNS: ?섏? ?좊같??????섏걶 ?뚮Ц???ㅼ뿀???? ?ъ떎 ?꾨땲?쇨퀬 諛섎컯?섍린.,,
HE_S3_07,Haeun,3,"鍮뚮윴 ?깊썕 臾대????泥? ?낆떆 ?ㅽ듃?덉뒪 怨듦컧, ?쒕줈瑜??ν븳 議닿꼍","?꾩꽌愿: ?좊같媛 ?쒗뿕 臾몄젣 ?섎굹 ?由ш퀬 醫뚯젅???? ""異⑸텇???섑빐?붾떎""怨??꾨줈?섍린.",,
HE_S3_08,Haeun,3,"鍮뚮윴 ?깊썕 臾대????泥? ?낆떆 ?ㅽ듃?덉뒪 怨듦컧, ?쒕줈瑜??ν븳 議닿꼍","?섍덫湲? ?좊같媛 ""?섏쨷??媛숈? 怨좊벑?숆탳 ?ㅻ㈃ 醫뗪쿋??怨???????紐⑺몴 留먰븯湲?""",,
HE_S3_09,Haeun,3,"鍮뚮윴 ?깊썕 臾대????泥? ?낆떆 ?ㅽ듃?덉뒪 怨듦컧, ?쒕줈瑜??ν븳 議닿꼍",??댄꽣: ?좊같媛 ?대┫ ??遺紐⑤떂???ъ씠???щ컡???먰뵾?뚮뱶 ?ㅻ젮以???媛숈씠 ?껉린.,,
HE_S3_10,Haeun,3,"鍮뚮윴 ?깊썕 臾대????泥? ?낆떆 ?ㅽ듃?덉뒪 怨듦컧, ?쒕줈瑜??ν븳 議닿꼍",援먯떎: ?섏? ?좊같媛 紐몄씠 ??醫뗭븘 寃곗꽍?덉쓣 ?? ?덉쓽 ?덇쾶 ?덈? 臾몄옄 蹂대궡湲?,,
HE_S3_11,Haeun,3,"鍮뚮윴 ?깊썕 臾대????泥? ?낆떆 ?ㅽ듃?덉뒪 怨듦컧, ?쒕줈瑜??ν븳 議닿꼍",?깃덫湲? ?좊같媛 3?숇뀈 痢듦퉴吏 媛湲??섎뱾??蹂댁씪 ?? 臾닿굅???좎씤臾?????ㅼ뼱二쇨린.,,
HE_S3_12,Haeun,3,"鍮뚮윴 ?깊썕 臾대????泥? ?낆떆 ?ㅽ듃?덉뒪 怨듦컧, ?쒕줈瑜??ν븳 議닿꼍","援먯떎: 移쒓뎄?ㅼ씠 OO瑜?""?대젮?????쇨퀬 ???? ?좊같媛 """"??源딆? ??""?쇨퀬 移?갔?댁＜???곹솴.""",,
HE_S3_13,Haeun,3,"鍮뚮윴 ?깊썕 臾대????泥? ?낆떆 ?ㅽ듃?덉뒪 怨듦컧, ?쒕줈瑜??ν븳 議닿꼍","?섍덫湲? ?좊같媛 怨좎엯???욌몢怨??먮젮????몄뼱?볦쓣 ?? ""瑗??⑷꺽??寃??대씪硫??묒썝?섍린.""",,
HE_S3_14,Haeun,3,"鍮뚮윴 ?깊썕 臾대????泥? ?낆떆 ?ㅽ듃?덉뒪 怨듦컧, ?쒕줈瑜??ν븳 議닿꼍",援먯떎: ?섏? ?좊같媛 留뚮뱺 異뺤젣 ?명뵆由우쓽 ?ㅽ?瑜?議곗떖?ㅻ읇寃??뚮젮二쇱뼱 ?꾩?二쇨린.,,
HE_S3_15,Haeun,3,"鍮뚮윴 ?깊썕 臾대????泥? ?낆떆 ?ㅽ듃?덉뒪 怨듦컧, ?쒕줈瑜??ν븳 議닿꼍","?꾩꽌愿: 湲곕쭚怨좎궗 留덉?留??? ?좊같? ?쒕줈 ""洹몃룞???섍퀬?덈떎""怨?寃⑸젮 ?몄궗 ?섎늻湲?",,
HE_S3_16,Haeun,3,"鍮뚮윴 ?깊썕 臾대????泥? ?낆떆 ?ㅽ듃?덉뒪 怨듦컧, ?쒕줈瑜??ν븳 議닿꼍","?섍덫湲? ?좊같媛 ""?덈뒗 ??媛???뚮???????뚰듃???쇨퀬 ????怨좊쭏?뚰븯湲?""",,
HE_S3_17,Haeun,3,"鍮뚮윴 ?깊썕 臾대????泥? ?낆떆 ?ㅽ듃?덉뒪 怨듦컧, ?쒕줈瑜??ν븳 議닿꼍",?몄쓽?? ?좊같媛 醫뗭븘?섎뒗 ?뱀젙 釉뚮옖??珥덉퐳由우쓣 諛쒓껄???쒗뿕 ?묒썝 ?좊Ъ濡?嫄대꽕湲?,,
HE_S3_18,Haeun,3,"鍮뚮윴 ?깊썕 臾대????泥? ?낆떆 ?ㅽ듃?덉뒪 怨듦컧, ?쒕줈瑜??ν븳 議닿꼍",援먯떎: ?섏? ?좊같? ?쒖뿰?닿? ???以묒씪 ?? ?먯뿰?ㅻ읇寃??⑸쪟?섏뿬 ?묒젏 李얠븘二쇨린.,,
HE_S3_19,Haeun,3,"鍮뚮윴 ?깊썕 臾대????泥? ?낆떆 ?ㅽ듃?덉뒪 怨듦컧, ?쒕줈瑜??ν븳 議닿꼍",異뺤젣 ?뱀씪: ?좊같媛 怨듭뿰 ? 吏?섑븷 ?? ?좊같媛 ?뚮젮以 洹쒖튃?濡??묒썝?섍린.,,
HE_S3_20,Haeun,3,"鍮뚮윴 ?깊썕 臾대????泥? ?낆떆 ?ㅽ듃?덉뒪 怨듦컧, ?쒕줈瑜??ν븳 議닿꼍","援먯떎: ?좊같媛 ""??吏꾩쭨 ?ы쉶??留롮씠 ?섏뿀??怨?媛먰깂?????μ뒪?쎄쾶 ?껉린.""",,
HE_S3_21,Haeun,3,"鍮뚮윴 ?깊썕 臾대????泥? ?낆떆 ?ㅽ듃?덉뒪 怨듦컧, ?쒕줈瑜??ν븳 議닿꼍",諛⑺븰 ?? ?좊같?먭쾶 1?숆린 ?숈븞 媛瑜댁퀜以 寃껊뱾?????吏꾩떖???댁븘 媛먯궗 ?몄궗?섍린.,,
HE_S3_22,Haeun,3,"鍮뚮윴 ?깊썕 臾대????泥? ?낆떆 ?ㅽ듃?덉뒪 怨듦컧, ?쒕줈瑜??ν븳 議닿꼍",援먯떎: ?깊썕?닿? ?섏? ?좊같??議곗뼵??留덉쓬???뚮┫ ?? ?놁뿉??臾듬У??吏耳쒕킄 二쇨린.,,
HE_S3_23,Haeun,3,"鍮뚮윴 ?깊썕 臾대????泥? ?낆떆 ?ㅽ듃?덉뒪 怨듦컧, ?쒕줈瑜??ν븳 議닿꼍",?섍덫湲? ?щ쫫 諛⑺븰 ?숈븞 ?꾩꽌愿?먯꽌 媛숈씠 怨듬??섍린濡??쎌냽?섍퀬 援ъ껜???쒓컙 ?뺥븯湲?,,
HE_S3_24,Haeun,3,"鍮뚮윴 ?깊썕 臾대????泥? ?낆떆 ?ㅽ듃?덉뒪 怨듦컧, ?쒕줈瑜??ν븳 議닿꼍",援먯떎: ?좊같媛 ?섎? ?꾪빐 ?뺣━??'以묓븰援??앹〈 轅???명듃'瑜??좊Ъ????媛먮룞?섍린.,,
HE_S3_25,Haeun,3,"鍮뚮윴 ?깊썕 臾대????泥? ?낆떆 ?ㅽ듃?덉뒪 怨듦컧, ?쒕줈瑜??ν븳 議닿꼍",怨듭썝: ?좊같? ?곕━媛 ?대Ⅸ???섏뼱??吏湲덉쿂??移쒗븯寃?吏?????덉쓣吏 ?댁빞湲??섎늻湲?,,
HE_S3_26,Haeun,3,"鍮뚮윴 ?깊썕 臾대????泥? ?낆떆 ?ㅽ듃?덉뒪 怨듦컧, ?쒕줈瑜??ν븳 議닿꼍",援먯떎: ?좊같媛 諛⑺븰 ?숈븞 ?곕씫 ?먯＜ ?섎씪怨????? 怨듬? 諛⑺빐 ???섍쾶 ?섍쿋?ㅺ퀬 ?듯븯湲?,,
HE_S3_27,Haeun,3,"鍮뚮윴 ?깊썕 臾대????泥? ?낆떆 ?ㅽ듃?덉뒪 怨듦컧, ?쒕줈瑜??ν븳 議닿꼍",?섍덫湲? ?섏? ?좊같? 泥섏쓬 留뚮궗??3?붿쓽 ?댁깋?덈뜕 ?쒓컙???좎삱由щŉ ?④퍡 ?껉린.,,
HE_S3_28,Haeun,3,"鍮뚮윴 ?깊썕 臾대????泥? ?낆떆 ?ㅽ듃?덉뒪 怨듦컧, ?쒕줈瑜??ν븳 議닿꼍",援먯떎: 1?숆린 留덉?留??? ?좊같???뚮옒??留덉?留??μ뿉 ?묒썝??硫붿떆吏 ?곸뼱二쇨린.,,
HE_S3_29,Haeun,3,"鍮뚮윴 ?깊썕 臾대????泥? ?낆떆 ?ㅽ듃?덉뒪 怨듦컧, ?쒕줈瑜??ν븳 議닿꼍","諛⑺븰?? ?좊같媛 以 '?⑷꺽 湲곗썝 ????諛쏄퀬, ?섎룄 ?묒? 媛꾩떇 ?꾨떖?섍린.",,
HE_S3_30,Haeun,3,"鍮뚮윴 ?깊썕 臾대????泥? ?낆떆 ?ㅽ듃?덉뒪 怨듦컧, ?쒕줈瑜??ν븳 議닿꼍","援먮Ц: 1?숆린 留덉?留??? ""?꾩꽌愿?먯꽌 遊?""?쇰뒗 ?좊같 ?몄궗?????붾뱾硫??붾떟?섍린.",,
